HipCenter; Spine; ShoulderCenter; Head; ShoulderLeft; ElbowLeft; WristLeft; HandLeft; ShoulderRight; ElbowRight; WristRight; HandRight; HipLeft; KneeLeft; AnkleLeft; FootLeft; HipRight; KneeRight; AnkleRight; FootRight
0.1722445 0.0008114874 2.880664;0.1743518 0.06186714 2.94101;0.1780983 0.4316457 2.959188;0.1701814 0.618958 2.968155;0.01332843 0.3205291 2.968819;-0.0381972 0.05472908 2.950463;-0.04488499 -0.1629121 2.835376;-0.05565231 -0.2270976 2.809795;0.33143 0.3152159 2.96049;0.3850448 0.0523251 2.925869;0.3966763 -0.1529093 2.810662;0.3930723 -0.241458 2.777537;0.09972001 -0.06803206 2.862878;0.03479154 -0.5303736 2.883847;0.001664627 -0.8857101 2.877645;-0.03508617 -0.9439296 2.807356;0.2428657 -0.07042304 2.868423;0.3206825 -0.517775 2.87134;0.3697908 -0.8884324 2.863474;0.3965825 -0.9423237 2.809585;0
0.1722609 0.000838018 2.880574;0.1742922 0.06187514 2.940928;0.1780422 0.4316242 2.959161;0.1706168 0.6191033 2.968463;0.01362258 0.3204864 2.968607;-0.03818381 0.05475599 2.950365;-0.04991204 -0.1577037 2.841393;-0.05668298 -0.2426041 2.804298;0.3315632 0.3153114 2.960719;0.3850227 0.05315331 2.926173;0.3952965 -0.1525532 2.810984;0.3930655 -0.2414086 2.778031;0.09980652 -0.06796839 2.862651;0.03482067 -0.5303557 2.883784;0.001628746 -0.8857685 2.877563;-0.03565186 -0.9446998 2.809594;0.24289 -0.07034115 2.868399;0.3208906 -0.5183394 2.871173;0.3693912 -0.8887333 2.863285;0.3962063 -0.9425688 2.806957;0
0.1722632 0.0008451984 2.880558;0.1742826 0.06187735 2.940914;0.178028 0.4316163 2.959155;0.1706872 0.6191261 2.96851;0.01366787 0.3204799 2.968574;-0.03818208 0.05475985 2.95035;-0.05086331 -0.156713 2.842507;-0.05693254 -0.2467248 2.802763;0.3315836 0.3153259 2.960753;0.3850127 0.05329832 2.926217;0.3950834 -0.1524967 2.811032;0.3930629 -0.2413968 2.778098;0.09981998 -0.06795435 2.862611;0.03482421 -0.5303509 2.883774;0.001622074 -0.8857783 2.877551;-0.03572989 -0.9448507 2.810043;0.2428941 -0.07032622 2.868394;0.3209224 -0.5184382 2.871145;0.3693217 -0.8887808 2.863251;0.3960819 -0.9426226 2.806138;0
0.172265 0.0008525717 2.880545;0.1742755 0.06187942 2.940903;0.1780185 0.4316116 2.959155;0.1707398 0.6191449 2.968538;0.01370186 0.3204738 2.968549;-0.03818103 0.05476267 2.950341;-0.05132334 -0.1559723 2.843323;-0.05685319 -0.2462787 2.803178;0.3315953 0.3153549 2.960782;0.3849792 0.05345543 2.926239;0.3948928 -0.1524992 2.811044;0.3930592 -0.2413876 2.778143;0.09983041 -0.0679424 2.862578;0.03482663 -0.5303468 2.883765;0.001611523 -0.8857898 2.877535;-0.03575312 -0.9449823 2.810438;0.2428979 -0.07030538 2.868386;0.3209468 -0.518512 2.871121;0.3692624 -0.8888198 2.863221;0.3959604 -0.9427005 2.80512;0
0.1722652 0.0008624869 2.88053;0.1742697 0.06188176 2.940892;0.1780025 0.4315948 2.959158;0.1707578 0.6191657 2.968505;0.01372663 0.3204626 2.968527;-0.03818013 0.0547648 2.950333;-0.05175006 -0.1554048 2.84387;-0.0566548 -0.2444644 2.804288;0.3315971 0.3153747 2.960798;0.3849427 0.05358735 2.926254;0.3947569 -0.1524972 2.811048;0.3930537 -0.2413792 2.778172;0.09983796 -0.06792975 2.862549;0.0348289 -0.5303439 2.883758;0.001600164 -0.885805 2.877525;-0.03573544 -0.9450806 2.810867;0.2428973 -0.07027301 2.868362;0.3209532 -0.5188378 2.871086;0.369214 -0.8888493 2.863197;0.3958122 -0.9427924 2.803638;0
0.1722644 0.0008712374 2.880517;0.1742647 0.06188332 2.940882;0.1779748 0.431569 2.959167;0.1707856 0.6191992 2.968487;0.01374545 0.320455 2.968511;-0.03817945 0.05476641 2.950328;-0.05205216 -0.1549521 2.844247;-0.0564067 -0.2421096 2.805714;0.3315882 0.3154461 2.960806;0.3849026 0.05370787 2.926258;0.3946469 -0.152498 2.811033;0.3930398 -0.2413815 2.778134;0.09984334 -0.06792051 2.862524;0.03483 -0.5303392 2.88375;0.001584523 -0.8858228 2.877513;-0.03572379 -0.9451776 2.811236;0.2428952 -0.07024045 2.868337;0.3209531 -0.5191619 2.87106;0.369174 -0.8888718 2.863177;0.3957962 -0.942964 2.802524;0
0.1722628 0.0008802881 2.880504;0.1742589 0.06188518 2.940872;0.1779505 0.431546 2.959174;0.1708019 0.6192288 2.968457;0.01377395 0.3204264 2.968471;-0.03817908 0.05476773 2.950325;-0.05226982 -0.154613 2.844532;-0.0560976 -0.2395711 2.807074;0.3315811 0.3155192 2.960814;0.3848494 0.05384419 2.926246;0.3945629 -0.1524924 2.811006;0.3929898 -0.241392 2.778019;0.09984694 -0.06791229 2.862501;0.03482943 -0.5303293 2.883738;0.001568041 -0.8858365 2.8775;-0.03570507 -0.9452291 2.811466;0.2428912 -0.07020585 2.868309;0.3209489 -0.5194741 2.87103;0.3691299 -0.8888896 2.863148;0.3957976 -0.9431133 2.801558;0
0.1722594 0.0008925984 2.880488;0.1742514 0.06188872 2.940859;0.1779291 0.4315271 2.959181;0.1708116 0.6192577 2.968422;0.01380339 0.3204105 2.968424;-0.0381789 0.05476913 2.950324;-0.05239188 -0.1543383 2.844729;-0.05575846 -0.2371314 2.808332;0.3315873 0.3155961 2.96082;0.3847911 0.05397932 2.926227;0.3944962 -0.1524619 2.810951;0.3929099 -0.2413978 2.777859;0.09984699 -0.06790191 2.862476;0.03482254 -0.5303167 2.883721;0.00148958 -0.8858534 2.877447;-0.0356909 -0.9453199 2.811669;0.2428852 -0.07016835 2.868274;0.3209409 -0.5197592 2.871;0.3690874 -0.888903 2.863121;0.3957922 -0.9432514 2.800631;0
0.172255 0.0009036629 2.880471;0.1742408 0.06189242 2.940845;0.1779085 0.4315133 2.959188;0.1708213 0.6192994 2.968382;0.01387228 0.3204202 2.96832;-0.03818018 0.05477259 2.950327;-0.05242341 -0.1540993 2.844851;-0.05540567 -0.2353499 2.809089;0.331593 0.3156677 2.960822;0.3847302 0.05411038 2.926201;0.3944434 -0.1524184 2.810884;0.3928207 -0.2414283 2.777687;0.09984599 -0.06789143 2.862451;0.03480847 -0.5302969 2.883694;0.001406164 -0.8858632 2.877391;-0.03567316 -0.9453717 2.811764;0.2428764 -0.0701353 2.868241;0.3209275 -0.5200133 2.870969;0.3690475 -0.8889136 2.863095;0.3957948 -0.943364 2.799888;0
0.1722513 0.0009119426 2.880454;0.1742211 0.06189497 2.940828;0.1778888 0.4315008 2.959196;0.170833 0.6193379 2.96835;0.01411806 0.3203523 2.967891;-0.0381821 0.05477691 2.950331;-0.05230295 -0.1538339 2.844817;-0.05504968 -0.2335486 2.80937;0.3316046 0.315721 2.960826;0.384672 0.05424692 2.926174;0.3944662 -0.1520381 2.810696;0.3927189 -0.2416338 2.777337;0.09984633 -0.0678852 2.862426;0.03477297 -0.5303004 2.883653;0.001280919 -0.8858352 2.877259;-0.03565587 -0.9454131 2.811832;0.2428675 -0.07010411 2.868207;0.3209208 -0.5202329 2.870939;0.3690087 -0.8889212 2.86307;0.3958093 -0.9434801 2.799311;0
0.1722449 0.0009276554 2.880427;0.174195 0.06190272 2.940804;0.1778748 0.4314926 2.959202;0.1708555 0.6193731 2.968338;0.01435176 0.3203107 2.967455;-0.03819113 0.05479031 2.950345;-0.0519476 -0.1533543 2.844378;-0.054621 -0.231772 2.80948;0.3316179 0.3157747 2.960835;0.3846171 0.05437755 2.926148;0.3946405 -0.1514621 2.810343;0.3926086 -0.2416265 2.77671;0.09984265 -0.06787146 2.862384;0.03473101 -0.5303174 2.883599;0.001150516 -0.8858262 2.877117;-0.03564136 -0.9454714 2.811872;0.242853 -0.07005851 2.86816;0.3209131 -0.5204332 2.870909;0.3689443 -0.8888976 2.86304;0.395823 -0.9435781 2.79885;0
0.1722344 0.0009464709 2.880389;0.1741526 0.06191434 2.940763;0.1778345 0.4314755 2.959193;0.1708661 0.6194033 2.968311;0.01457816 0.3203058 2.966973;-0.03820769 0.05484962 2.950374;-0.05077952 -0.1524802 2.841318;-0.05290783 -0.2287747 2.80622;0.3316292 0.3158215 2.960843;0.3845468 0.05455532 2.92616;0.3949265 -0.1509006 2.809817;0.3925159 -0.2415942 2.77598;0.09983779 -0.067857 2.862331;0.03465099 -0.5303523 2.88349;0.0009994481 -0.8858461 2.876983;-0.03562386 -0.9455284 2.81189;0.2428328 -0.07000548 2.868103;0.3208928 -0.5206157 2.870871;0.3688648 -0.8888669 2.863001;0.3958357 -0.9436619 2.798475;0
0.172227 0.0009789389 2.880338;0.1741084 0.06193506 2.940713;0.1777954 0.4314585 2.959178;0.1708739 0.6194376 2.96828;0.01473236 0.3202889 2.966519;-0.03828793 0.0550785 2.950451;-0.04961031 -0.1444678 2.830904;-0.04965451 -0.2235077 2.786671;0.3316428 0.3158666 2.960859;0.3844984 0.05477093 2.926193;0.3955025 -0.150211 2.80857;0.3930072 -0.2409541 2.773533;0.09983396 -0.06783943 2.86227;0.0345077 -0.5304069 2.883285;0.0008175614 -0.8858895 2.876852;-0.03560651 -0.9456649 2.811858;0.2428211 -0.06993118 2.868031;0.3208547 -0.5208704 2.870811;0.3687789 -0.8888316 2.862963;0.3958444 -0.9437321 2.798183;0
0.1722225 0.001021864 2.880274;0.1740566 0.0619658 2.940649;0.1777394 0.4314483 2.959148;0.170883 0.6194699 2.968251;0.01484996 0.3203257 2.966045;-0.03939626 0.0591607 2.950721;-0.04482441 -0.1218566 2.811221;-0.03432521 -0.1710168 2.762219;0.3316551 0.3159022 2.960876;0.3845281 0.05531775 2.926311;0.401487 -0.1463889 2.798697;0.3962273 -0.2291388 2.758347;0.09983483 -0.06781588 2.86219;0.03427893 -0.5304402 2.882872;0.0005826374 -0.8859629 2.876708;-0.03559132 -0.9458454 2.811785;0.2428186 -0.06984241 2.867948;0.3208197 -0.521109 2.870748;0.3686666 -0.8887848 2.862907;0.3958691 -0.9438025 2.797951;0
0.1722603 0.001135622 2.880166;0.1740086 0.06203403 2.940559;0.1776815 0.4314407 2.959113;0.1708957 0.6195214 2.968208;0.01488116 0.320485 2.96548;-0.04120795 0.06858882 2.951879;-0.02611634 -0.07869402 2.779734;-0.01222977 -0.119677 2.725618;0.3316823 0.3159763 2.960948;0.3867262 0.06023364 2.928512;0.4124318 -0.1285278 2.781003;0.4028868 -0.2025819 2.736624;0.09987143 -0.06775486 2.86205;0.03398062 -0.5304827 2.882243;0.0003484242 -0.8860344 2.876565;-0.03557341 -0.9460242 2.811703;0.242902 -0.06965256 2.867831;0.3207899 -0.521325 2.870682;0.3685485 -0.8887509 2.862833;0.3959202 -0.9438794 2.797619;0
0.1723312 0.001328086 2.880021;0.1739215 0.06215755 2.940434;0.1776123 0.431437 2.95906;0.1709559 0.6195886 2.968174;0.01482317 0.320792 2.964592;-0.05011238 0.09693661 2.948751;-0.01178866 -0.02337582 2.750103;0.005751213 -0.04348864 2.698032;0.3319406 0.3162614 2.961457;0.392672 0.08848018 2.946211;0.41875 -0.09199345 2.753727;0.4035827 -0.1529817 2.705241;0.09993107 -0.06765526 2.861858;0.03357007 -0.5304658 2.881186;0.0001174991 -0.8861037 2.876434;-0.03551758 -0.9462087 2.811674;0.2430378 -0.06940736 2.867707;0.3207838 -0.521502 2.870601;0.3684999 -0.888732 2.862802;0.3959958 -0.9439809 2.797302;0
0.1724143 0.001557608 2.879884;0.1737558 0.06233358 2.940292;0.1775302 0.4314417 2.958996;0.1711149 0.6196599 2.968107;0.01465401 0.3213193 2.963439;-0.05464203 0.111063 2.946257;0.009423427 0.04721398 2.720792;0.0321269 0.04655907 2.661871;0.3324973 0.3168177 2.963283;0.3991034 0.106989 2.962336;0.4168723 -0.02155687 2.739167;0.4025526 -0.06904629 2.67106;0.1000121 -0.06751826 2.861622;0.03287888 -0.5300364 2.878968;-0.0001625265 -0.886161 2.876301;-0.03545074 -0.9463961 2.811626;0.2431921 -0.06915471 2.867675;0.3207865 -0.5216082 2.87049;0.3684674 -0.8887137 2.862781;0.3960457 -0.9440173 2.797073;0
0.1724727 0.00181818 2.879767;0.1733657 0.06260495 2.940121;0.1774426 0.4314489 2.958929;0.1717972 0.6197457 2.967539;0.01451463 0.3225529 2.961247;-0.0691956 0.1317366 2.92042;0.03165042 0.1250255 2.690031;0.06409094 0.1473922 2.64679;0.3336062 0.3177685 2.967363;0.4021486 0.1258782 3.003138;0.4048994 0.05901648 2.711207;0.3916239 0.01156561 2.59881;0.1000596 -0.06728506 2.861274;0.03204966 -0.529632 2.875625;-0.0005301471 -0.8862803 2.876152;-0.0353999 -0.9466953 2.811382;0.2432941 -0.06892457 2.867769;0.3207934 -0.5216877 2.870285;0.3684502 -0.8886937 2.862756;0.396118 -0.9441403 2.79693;0
0.1725239 0.002095241 2.879684;0.1724918 0.0630141 2.939906;0.1773942 0.4314531 2.95888;0.1741461 0.6202393 2.965972;0.01552663 0.3245147 2.954596;-0.07321779 0.144895 2.881738;0.06403925 0.2046036 2.672611;0.08012037 0.2270606 2.660689;0.3353244 0.3184672 2.97427;0.3987429 0.1346734 3.033272;0.3934457 0.1347183 2.706776;0.3814386 0.141042 2.616106;0.100088 -0.06694483 2.860796;0.02930971 -0.5271873 2.867639;-0.001138467 -0.8863543 2.875534;-0.03533295 -0.9467487 2.811853;0.2433892 -0.06865323 2.868374;0.3205251 -0.5200576 2.868507;0.368451 -0.8880531 2.862684;0.3951601 -0.9424813 2.798961;0
0.1725894 0.002420799 2.879711;0.1708932 0.06363199 2.939737;0.1773539 0.4314593 2.958831;0.1815894 0.6194699 2.962596;0.01713916 0.327019 2.94439;-0.07209204 0.1512809 2.856043;0.07880548 0.2623482 2.677054;0.1074454 0.3004003 2.662898;0.3396377 0.320357 2.989348;0.3954761 0.1372382 3.043845;0.3890713 0.1857804 2.747609;0.3799335 0.2254969 2.668438;0.1001121 -0.06660355 2.860326;0.02416417 -0.5243968 2.853433;-0.001812996 -0.8865371 2.874811;-0.03594442 -0.9473625 2.816031;0.2437186 -0.06854541 2.870964;0.3199568 -0.5172564 2.865386;0.3684098 -0.886641 2.862353;0.3940386 -0.9406562 2.801401;0
0.1726537 0.002566863 2.879851;0.1687228 0.0639751 2.939687;0.1774642 0.4311695 2.95853;0.1918927 0.6164011 2.956307;0.02279789 0.3246028 2.921151;-0.06507567 0.1486952 2.821517;0.1033653 0.316019 2.675478;0.1168712 0.3203117 2.664903;0.3412403 0.3203186 2.997635;0.3862565 0.1238623 3.000652;0.3779489 0.2517931 2.761028;0.3704548 0.2762926 2.73314;0.1001619 -0.06638958 2.859834;0.01701065 -0.5219703 2.832831;-0.002710663 -0.8869361 2.873952;-0.03733978 -0.9490396 2.822196;0.2437557 -0.07011329 2.877028;0.3184201 -0.5119781 2.858951;0.3679402 -0.8843474 2.861156;0.3929605 -0.9389977 2.803654;0
0.1725633 0.001477378 2.880604;0.1668794 0.06325212 2.939877;0.1787093 0.4295285 2.956784;0.2004385 0.6125159 2.948844;0.02627174 0.3209329 2.905504;-0.06143313 0.1461796 2.79921;0.1042826 0.3172023 2.680788;0.1251808 0.3407572 2.666547;0.3382726 0.3196155 2.998456;0.3810164 0.1165821 2.976813;0.3601053 0.3019466 2.793257;0.3630294 0.3003628 2.795402;0.1001711 -0.06681281 2.859107;0.01032353 -0.5182371 2.815021;-0.004611956 -0.8879893 2.8722;-0.03861564 -0.9507642 2.826316;0.2423116 -0.07417515 2.884747;0.3172175 -0.5074303 2.848711;0.366708 -0.8804291 2.857838;0.3920029 -0.9375846 2.805426;0
0.1701841 -0.004950455 2.882099;0.1640204 0.0585374 2.940229;0.1801361 0.4243567 2.952224;0.2070675 0.6069078 2.941181;0.02742377 0.3172484 2.894968;-0.0513415 0.1419861 2.771748;0.1030902 0.315547 2.685421;0.1297104 0.3473003 2.668179;0.3271327 0.2953183 2.966287;0.3760698 0.1022384 2.965923;0.3482976 0.2957157 2.824995;0.3510106 0.3212249 2.837607;0.0975448 -0.07207172 2.85653;0.003493758 -0.5157121 2.800912;-0.006950738 -0.8893432 2.869936;-0.03969669 -0.9523183 2.829009;0.2375339 -0.08471032 2.893131;0.3163522 -0.5041479 2.836791;0.3657604 -0.8774714 2.855105;0.3911905 -0.936433 2.806704;0
0.1655419 -0.01344271 2.883133;0.1584578 0.05066902 2.939885;0.1754784 0.4072931 2.939394;0.2109001 0.5979887 2.931801;0.02652873 0.3114413 2.885096;-0.04806031 0.1378992 2.758324;0.1023788 0.3149207 2.689432;0.1394748 0.3735064 2.666214;0.3183524 0.2818652 2.944878;0.3593144 0.07978515 2.966613;0.3363903 0.3016175 2.845796;0.3458372 0.3570297 2.864787;0.09366318 -0.07831313 2.853918;-0.002244272 -0.5131944 2.789912;-0.01002101 -0.8898008 2.86422;-0.04063548 -0.9534104 2.830889;0.2318802 -0.09370194 2.898328;0.3152762 -0.5023152 2.827117;0.3651762 -0.8753593 2.852799;0.3906536 -0.9356086 2.807546;1
0.1581911 -0.02334769 2.883658;0.1504221 0.04063027 2.939176;0.1684063 0.3933093 2.931225;0.2085597 0.587159 2.923507;0.02423268 0.3065454 2.878755;-0.05053908 0.1402995 2.739038;0.09778217 0.3085406 2.692117;0.1419615 0.3740979 2.667131;0.3107275 0.2695543 2.93031;0.3508261 0.07010566 2.967535;0.3293658 0.2864121 2.857068;0.3400687 0.3597305 2.875993;0.08639618 -0.08678097 2.851719;-0.006130822 -0.5115656 2.783428;-0.01249453 -0.8898473 2.859128;-0.04136227 -0.9541568 2.832197;0.2252782 -0.1022683 2.900872;0.313777 -0.5006702 2.819467;0.3647265 -0.8735601 2.850466;0.3901983 -0.9350107 2.808186;1
0.1517854 -0.02944787 2.883346;0.1437109 0.03425836 2.938063;0.1614169 0.3841382 2.925668;0.1972918 0.5775191 2.914829;0.01053213 0.3007171 2.873669;-0.05531196 0.1410355 2.727562;0.09504917 0.3115349 2.693566;0.1438311 0.37891 2.66736;0.3063551 0.2638989 2.923249;0.3426353 0.06561021 2.965758;0.3221044 0.2730297 2.857816;0.3306424 0.3523967 2.871595;0.07890709 -0.09294141 2.850223;-0.009405539 -0.5107278 2.779406;-0.01411868 -0.890022 2.855568;-0.04194594 -0.9547424 2.833093;0.2197475 -0.1076051 2.901024;0.3120166 -0.4996893 2.814054;0.3643989 -0.872228 2.848368;0.3898788 -0.9345894 2.808636;1
0.1450052 -0.03225427 2.882111;0.1376934 0.03139418 2.936432;0.1540722 0.3805411 2.920802;0.1587639 0.5775127 2.903547;-0.003148725 0.2982913 2.872998;-0.07433145 0.1451865 2.726385;0.05684649 0.3125605 2.70947;0.1220114 0.3774277 2.676789;0.2941069 0.2714879 2.916725;0.3330555 0.08025643 2.934819;0.2797765 0.2696264 2.803111;0.2854096 0.3530702 2.811466;0.07171932 -0.09613233 2.849558;-0.013817 -0.5105484 2.778901;-0.01527276 -0.8902608 2.853178;-0.04246176 -0.9552433 2.833712;0.2120966 -0.1088156 2.897127;0.309442 -0.4986602 2.810464;0.3641549 -0.8712899 2.84685;0.3896173 -0.9342316 2.808969;1
0.135884 -0.03043583 2.879842;0.1326524 0.03205557 2.934349;0.1432493 0.3827358 2.914411;0.1228347 0.5852493 2.89874;-0.03525539 0.3035506 2.88646;-0.104747 0.1544944 2.741761;0.03930697 0.3151754 2.718796;0.1001715 0.3772414 2.688313;0.2695498 0.291692 2.896559;0.3460434 0.1130887 2.878512;0.254756 0.2753832 2.759888;0.2495037 0.327534 2.757106;0.0627028 -0.09596092 2.85044;-0.02145307 -0.510344 2.789261;-0.01653672 -0.8918155 2.852964;-0.04317982 -0.9560102 2.833842;0.2018048 -0.1025341 2.888896;0.3045705 -0.496806 2.809295;0.3639502 -0.8705938 2.845864;0.3893679 -0.9338839 2.809282;1
0.1247629 -0.0257443 2.877248;0.126313 0.03683651 2.931066;0.1167086 0.3999829 2.903353;0.0834374 0.5967793 2.896744;-0.05640864 0.3116415 2.901663;-0.1374556 0.1713064 2.763179;0.0162861 0.3282093 2.736465;0.07199683 0.3869291 2.708601;0.2413245 0.3093957 2.872968;0.3680991 0.1749015 2.78722;0.2320108 0.3161965 2.7015;0.2175472 0.3424654 2.691406;0.05202779 -0.0927574 2.854149;-0.0282897 -0.5092726 2.807845;-0.01725523 -0.8923507 2.852778;-0.04356242 -0.9563123 2.834148;0.1884456 -0.09139951 2.877823;0.2977236 -0.4956501 2.81303;0.3638389 -0.8701502 2.845347;0.389199 -0.9336166 2.809516;1
0.1155539 -0.02090775 2.875665;0.120235 0.04296169 2.928465;0.1001217 0.4151636 2.89975;0.0616871 0.6041791 2.898145;-0.06607743 0.3135999 2.906674;-0.1592758 0.175886 2.779719;-0.0009223148 0.3382331 2.753694;0.05115109 0.3939892 2.72762;0.2230565 0.3203522 2.858065;0.3686533 0.2493917 2.692762;0.2074992 0.3709693 2.628906;0.1689998 0.3905581 2.592024;0.04173984 -0.08759208 2.861223;-0.03063088 -0.5102383 2.828257;-0.01767264 -0.8926849 2.852908;-0.04391628 -0.9564551 2.833566;0.1786518 -0.08220756 2.869272;0.2918507 -0.4947077 2.818264;0.3640373 -0.8697771 2.845919;0.3890644 -0.9332736 2.809798;1
0.107442 -0.01416758 2.875422;0.1150596 0.05079726 2.927258;0.08871328 0.4252103 2.900455;0.04712868 0.6081121 2.899765;-0.07201137 0.3144136 2.909517;-0.195027 0.1736227 2.847661;-0.01714433 0.3507876 2.793316;0.03143368 0.4028132 2.768416;0.1999293 0.3385985 2.843905;0.3503151 0.3338237 2.601169;0.1774791 0.4293612 2.529007;0.1380246 0.4386538 2.498692;0.03428941 -0.07930558 2.871947;-0.03071657 -0.5103758 2.842737;-0.01754566 -0.8930647 2.853582;-0.0440093 -0.956507 2.831896;0.1690198 -0.06797653 2.860458;0.2879235 -0.494188 2.822398;0.3656542 -0.8702015 2.850593;0.389365 -0.9327902 2.810316;1
0.101933 -0.008699721 2.875847;0.1119823 0.05720634 2.927016;0.07843031 0.4341072 2.905516;0.03523617 0.6103701 2.901455;-0.07511193 0.3141934 2.915316;-0.2080286 0.1739035 2.867821;-0.02350643 0.3575912 2.810664;0.02356154 0.4077789 2.785801;0.188495 0.3468201 2.837072;0.29777 0.3987771 2.54194;0.1424339 0.4819551 2.426041;0.1042572 0.4840377 2.401612;0.03077278 -0.0725125 2.881153;-0.03037607 -0.5099218 2.851451;-0.01684364 -0.8929662 2.854516;-0.04405376 -0.9563685 2.829854;0.1632217 -0.05868434 2.855156;0.2854429 -0.4938815 2.825361;0.3715441 -0.8724515 2.858543;0.391349 -0.9320847 2.812155;1
0.09820738 -0.003735023 2.876767;0.1101376 0.06295112 2.927503;0.07191683 0.4400755 2.910558;0.02623732 0.6110196 2.903039;-0.07698466 0.3141965 2.919357;-0.2059622 0.164752 2.904301;-0.03042759 0.3626786 2.823076;0.01563903 0.4117063 2.798358;0.181757 0.3513764 2.832632;0.2453158 0.4247083 2.533856;0.1079471 0.5147612 2.333388;0.08467378 0.5155237 2.31338;0.02977969 -0.06673637 2.889118;-0.0303048 -0.5090129 2.856641;-0.01582697 -0.8925408 2.855444;-0.04406 -0.9562181 2.828026;0.1597307 -0.05215235 2.851698;0.2838342 -0.4937022 2.827463;0.3766695 -0.8739868 2.863243;0.3936999 -0.9314171 2.814169;1
0.09590884 -0.0005018883 2.877424;0.1090888 0.06678987 2.927916;0.06826161 0.4439883 2.913855;0.02058792 0.6110538 2.90411;-0.0775113 0.3141916 2.922601;-0.1842534 0.1518581 2.944299;-0.03459452 0.3651742 2.832364;0.01082987 0.4134763 2.807676;0.1762771 0.3528191 2.830605;0.204723 0.4316966 2.574333;0.1227842 0.4910006 2.352364;0.08977666 0.5196292 2.262254;0.0295191 -0.0632406 2.893976;-0.03032291 -0.5078481 2.859537;-0.01490944 -0.8921049 2.856193;-0.04402262 -0.9559827 2.825602;0.1574567 -0.04822126 2.849475;0.2827797 -0.493538 2.828825;0.3820542 -0.8758821 2.867045;0.3962901 -0.9311187 2.815987;1
0.09437421 0.001459104 2.877793;0.1083834 0.06925642 2.928212;0.06664748 0.4468502 2.916556;0.0171227 0.6103203 2.90525;-0.07649168 0.3143461 2.925377;-0.1519156 0.1429893 2.975879;-0.03660792 0.3665462 2.839362;0.008362398 0.4144047 2.814652;0.1722066 0.3463252 2.834235;0.1812272 0.4191094 2.604468;0.123583 0.4872704 2.349992;0.09367934 0.516989 2.258368;0.02963594 -0.06099944 2.897098;-0.03038447 -0.5050491 2.858858;-0.01420146 -0.8915669 2.856678;-0.04399052 -0.9555629 2.822729;0.155754 -0.04572282 2.847892;0.2820836 -0.4934218 2.829742;0.3861391 -0.8773089 2.869553;0.3995577 -0.931241 2.81812;1
0.09328409 0.002757742 2.878009;0.1078539 0.070839 2.928372;0.06612105 0.4483769 2.918971;0.01469866 0.6074748 2.907051;-0.07501461 0.3141905 2.927698;-0.1366959 0.139199 2.99056;-0.04642542 0.3555036 2.826993;0.002268374 0.4095159 2.810565;0.1699123 0.3383781 2.839295;0.1907844 0.3940698 2.587975;0.1219387 0.4803388 2.343244;0.09078257 0.5110103 2.261858;0.03014176 -0.05964435 2.899137;-0.03045969 -0.5020342 2.856042;-0.01356163 -0.8910119 2.857062;-0.04396252 -0.9551111 2.820122;0.1545468 -0.04399038 2.846667;0.2816774 -0.4933799 2.830376;0.3891327 -0.8785225 2.871184;0.4022337 -0.931555 2.819691;1
0.09340678 0.004569155 2.879774;0.1089177 0.07124331 2.931118;0.06413358 0.4299808 2.947665;0.01663304 0.5989044 2.919194;-0.06776412 0.2967829 2.949974;-0.1575592 0.1237076 2.918902;-0.07413382 0.3383433 2.796479;-0.02444886 0.3904716 2.780153;0.1933149 0.3351824 2.859648;0.3514171 0.2074399 2.759888;0.1925514 0.363712 2.759028;0.1529741 0.4088675 2.74915;0.03700409 -0.06197356 2.902001;-0.02469176 -0.4994794 2.850134;-0.01163606 -0.8892446 2.857503;-0.04403981 -0.9542292 2.814224;0.1589374 -0.04614828 2.844727;0.2938298 -0.4842656 2.817435;0.4018627 -0.869748 2.866496;0.4113606 -0.9281054 2.823017;1
0.1050551 -0.005728418 2.885532;0.1206946 0.06068349 2.93591;0.07373665 0.4204119 2.941542;0.02934408 0.5964946 2.920689;-0.06119785 0.2670299 2.99253;-0.06485145 0.07265057 2.963916;-0.0188036 0.2934183 2.816913;0.02522433 0.342153 2.791864;0.2230679 0.3308048 2.864429;0.3287741 0.1396832 2.846511;0.1735315 0.3165166 2.776473;0.1311744 0.3699865 2.791135;0.04652781 -0.07631963 2.899491;-0.02036231 -0.5055991 2.847982;-0.01127073 -0.888898 2.857486;-0.04493338 -0.9544567 2.817276;0.1803052 -0.06487804 2.859594;0.3028287 -0.4804626 2.808475;0.4072729 -0.8666315 2.86472;0.413934 -0.9263788 2.823627;1
0.1120908 -0.01634738 2.889524;0.1299564 0.04907404 2.939491;0.08672697 0.4092237 2.942261;0.0404905 0.5840495 2.917473;-0.0559965 0.2597415 3.006609;-0.05208432 0.06677724 2.972679;-0.00222769 0.2813727 2.823784;0.04139411 0.3293175 2.797628;0.2318516 0.3150131 2.866264;0.3228461 0.1135178 2.857675;0.1784912 0.2955443 2.802414;0.1173276 0.3670136 2.780976;0.0523169 -0.08770787 2.89996;-0.0204101 -0.5084413 2.84266;-0.01120336 -0.8888313 2.857471;-0.04477916 -0.9541293 2.815449;0.1854946 -0.07529134 2.864212;0.3061931 -0.4809457 2.803814;0.4086368 -0.8665721 2.864742;0.4145034 -0.9262838 2.82391;1
0.1182128 -0.02553393 2.892692;0.136947 0.0387988 2.942788;0.0996369 0.3956215 2.943947;0.05329376 0.568069 2.913296;-0.05155494 0.2542027 3.01413;-0.04406285 0.06233492 2.983163;0.009704431 0.2718106 2.832372;0.05326244 0.3192174 2.805778;0.2452457 0.2924578 2.874375;0.3217075 0.09651447 2.862198;0.1818023 0.2780809 2.776236;0.1149589 0.3587595 2.768112;0.05765107 -0.0979964 2.901203;-0.02142227 -0.5106425 2.834593;-0.01116015 -0.8886374 2.85727;-0.04533779 -0.954818 2.819608;0.1902227 -0.08524679 2.867183;0.3095555 -0.4818547 2.799353;0.4096986 -0.8667288 2.864633;0.4150477 -0.9264905 2.824229;1
0.122806 -0.03155069 2.894966;0.141774 0.03181422 2.945422;0.1112703 0.3844086 2.946483;0.06988169 0.555452 2.91049;-0.04774451 0.2511451 3.018699;-0.04053171 0.06098141 2.990681;0.01666489 0.2664701 2.83803;0.0602263 0.3135725 2.811311;0.2602679 0.2738704 2.883598;0.3225076 0.08663194 2.864777;0.1831707 0.2718053 2.770048;0.1155551 0.3533948 2.759;0.0609751 -0.1040318 2.901959;-0.02240521 -0.5122585 2.827713;-0.01115736 -0.8884405 2.856946;-0.04599179 -0.955525 2.821918;0.194288 -0.0926282 2.869588;0.3127819 -0.4835894 2.795968;0.4103322 -0.8675621 2.864347;0.4154433 -0.927743 2.824792;1
0.1278433 -0.03542934 2.897219;0.1467331 0.02722823 2.948014;0.1247626 0.3767222 2.94922;0.09294028 0.5490888 2.908989;-0.03726411 0.2547524 3.019488;-0.04363111 0.06765334 2.995393;0.02081811 0.2641118 2.841351;0.06433369 0.3111648 2.814567;0.2703301 0.266002 2.890009;0.3307777 0.08302297 2.864613;0.1887237 0.2700019 2.76525;0.1219298 0.351542 2.75214;0.06395685 -0.1076926 2.902588;-0.02257477 -0.5133833 2.822472;-0.0112047 -0.8881611 2.856528;-0.04650693 -0.9560913 2.823659;0.1983882 -0.0974678 2.872051;0.3180808 -0.4878044 2.79511;0.4107249 -0.8693279 2.864392;0.4155448 -0.9296107 2.825476;0
0.13741 -0.03538529 2.900447;0.1510589 0.02585112 2.951078;0.1365482 0.3745742 2.95081;0.1336023 0.5556377 2.909925;-0.01084787 0.2727289 2.989017;-0.07084919 0.1055858 2.982176;0.008640211 0.2860589 2.835874;0.05266716 0.3332117 2.809688;0.3004509 0.2724691 2.912325;0.3619254 0.09029844 2.876138;0.2088115 0.2749997 2.769969;0.1432421 0.3539335 2.754544;0.06956293 -0.1083189 2.903033;-0.01943146 -0.5142033 2.81747;-0.01124031 -0.8879002 2.856182;-0.04692744 -0.9565612 2.825012;0.209206 -0.09889519 2.878162;0.3259862 -0.4937789 2.800928;0.4111556 -0.8708 2.864758;0.4156711 -0.9311318 2.826341;2
0.1542019 -0.0259327 2.90617;0.1596424 0.03294583 2.957426;0.1643946 0.3871659 2.955462;0.1737904 0.5726207 2.917637;0.01033372 0.298577 2.95698;-0.1037739 0.1591607 2.930297;-0.02134271 0.3418175 2.787846;0.05180091 0.3371854 2.783883;0.3266169 0.2847551 2.936826;0.3890438 0.1060283 2.891604;0.232564 0.2871404 2.78244;0.1677467 0.3626286 2.764544;0.08147074 -0.1000056 2.902921;-0.01335146 -0.5136138 2.81439;-0.01123689 -0.8876518 2.855946;-0.02583569 -0.9304886 2.795739;0.2252355 -0.09325031 2.88884;0.3367907 -0.4992151 2.820604;0.4112912 -0.8717714 2.865564;0.4157709 -0.9322152 2.827405;2
0.1736406 -0.00846711 2.911461;0.1702938 0.04829571 2.96356;0.184037 0.3988245 2.957461;0.2119163 0.5949937 2.932599;0.02285228 0.3147129 2.938943;-0.1276122 0.2360744 2.845799;0.0303632 0.3880446 2.749335;0.1172574 0.3475657 2.75948;0.3545039 0.3073736 2.970896;0.4124878 0.1265921 2.91719;0.258648 0.3054421 2.80735;0.1948373 0.3778413 2.78737;0.09870028 -0.08123437 2.899677;0.0005511963 -0.5139834 2.816129;-0.01122581 -0.8873564 2.855767;-0.02439203 -0.9279589 2.791191;0.244141 -0.08045246 2.902117;0.3444886 -0.5028594 2.84187;0.4106609 -0.8725181 2.867507;0.4157826 -0.9329636 2.828654;2
0.1852841 0.002337999 2.914284;0.1772444 0.05898758 2.967137;0.1944991 0.4055221 2.959058;0.2286542 0.6035656 2.938468;0.0352581 0.3272166 2.924191;-0.1207335 0.3210619 2.767;0.04949817 0.4241889 2.697633;0.1415079 0.3620595 2.724232;0.3650477 0.3164369 2.983944;0.4226548 0.1400973 2.936024;0.2738545 0.3193281 2.828547;0.2109097 0.3902756 2.807727;0.1115844 -0.06731133 2.897317;0.01642803 -0.5132778 2.821534;-0.01118968 -0.8871301 2.85569;-0.02964461 -0.9388751 2.811433;0.256114 -0.07070741 2.90979;0.3488305 -0.5043969 2.860927;0.4096282 -0.8731874 2.869908;0.4157724 -0.9334413 2.829814;2
0.1928342 0.009585828 2.916061;0.1807801 0.06652387 2.96909;0.2008621 0.4105648 2.960278;0.2438027 0.6116235 2.945651;0.05563485 0.3464351 2.891733;-0.0794189 0.3972025 2.696481;0.1052148 0.4783167 2.612346;0.175468 0.4732951 2.590337;0.3706183 0.3217286 2.990573;0.4255324 0.1515502 2.956081;0.2823437 0.3309917 2.849992;0.2199899 0.4013897 2.829062;0.1217363 -0.05591181 2.895396;0.02789769 -0.5121012 2.825888;-0.01114467 -0.8869244 2.855649;-0.03137423 -0.9399355 2.809575;0.2638448 -0.06349438 2.915076;0.351402 -0.5046565 2.874035;0.4074082 -0.8738113 2.873932;0.4156819 -0.9337168 2.831098;2
0.1981142 0.01375232 2.917305;0.1836737 0.07117629 2.970473;0.206175 0.4173623 2.962666;0.2529615 0.618077 2.951367;0.06660923 0.3544102 2.877087;0.0007096631 0.4582565 2.637486;0.1637844 0.5350039 2.495254;0.2220277 0.5426717 2.4648;0.3645256 0.3231899 2.985688;0.426535 0.1575816 2.972025;0.3632001 0.3100457 2.857927;0.334546 0.3656127 2.826356;0.131733 -0.04776268 2.892685;0.03547783 -0.5112541 2.828992;-0.01108578 -0.8867538 2.855631;-0.035657 -0.9441801 2.812227;0.2687787 -0.05903736 2.919468;0.3530322 -0.5045322 2.883514;0.4050995 -0.8743139 2.877859;0.4155067 -0.9338056 2.832346;2
0.2022799 0.01663684 2.918076;0.1858553 0.07454189 2.97119;0.2103177 0.4231293 2.964484;0.2602679 0.624485 2.956442;0.08273132 0.3607074 2.865237;0.04936985 0.4664841 2.635209;0.1813143 0.5476624 2.432546;0.2277848 0.5707252 2.372437;0.3594161 0.3238715 2.982708;0.4256797 0.1598454 2.983379;0.3978091 0.281543 2.853828;0.3576307 0.3516955 2.829941;0.1412729 -0.04169349 2.889177;0.0402642 -0.5107354 2.830947;-0.01099857 -0.8866051 2.85567;-0.03907065 -0.9477535 2.814847;0.2720505 -0.05587466 2.922785;0.354172 -0.5042551 2.889911;0.4032059 -0.8745778 2.880784;0.4148667 -0.9335655 2.83428;2
0.2064085 0.01918955 2.918669;0.1882729 0.07776184 2.971467;0.2135682 0.4273911 2.965241;0.2653402 0.6279215 2.95911;0.09328466 0.363249 2.858464;0.089757 0.4663446 2.630638;0.1954539 0.5438606 2.409775;0.2312946 0.5710583 2.354887;0.3575078 0.3244748 2.981634;0.4132025 0.1507262 3.015618;0.4116641 0.268263 2.853301;0.3692849 0.3425004 2.831926;0.1482382 -0.03705588 2.886049;0.04354374 -0.5103624 2.832165;-0.01088506 -0.8864934 2.855761;-0.0416319 -0.9503936 2.816872;0.2761774 -0.05194922 2.928952;0.354985 -0.5040734 2.89409;0.4017147 -0.8745911 2.883034;0.4143267 -0.933306 2.835873;2
0.2098349 0.02122408 2.919082;0.1906189 0.08055896 2.971437;0.216144 0.430571 2.965323;0.2692194 0.6298563 2.960996;0.1033172 0.3612063 2.855628;0.1028384 0.457702 2.631149;0.2030054 0.5286337 2.404245;0.2607235 0.5422583 2.346017;0.3557919 0.3246367 2.980164;0.4046392 0.1436839 3.03262;0.4159272 0.2597656 2.851961;0.3709982 0.3347227 2.832546;0.1551933 -0.03367544 2.882332;0.04601242 -0.5098827 2.83285;-0.01077844 -0.8864335 2.85597;-0.04275803 -0.9515756 2.817224;0.2785497 -0.04926553 2.934026;0.3555231 -0.5038437 2.897111;0.4001844 -0.8744213 2.884999;0.4137948 -0.9330155 2.837275;2
0.2125711 0.02204444 2.919306;0.1925196 0.08198699 2.971328;0.2180498 0.4323682 2.96546;0.2706815 0.6255085 2.962882;0.1118762 0.3538711 2.856776;0.1076563 0.4405977 2.630271;0.214359 0.4894819 2.398692;0.2703788 0.5199245 2.345056;0.3546015 0.3240793 2.978946;0.4003686 0.1403813 3.040878;0.4204677 0.2169899 2.850582;0.3670152 0.2897168 2.847409;0.1602715 -0.0328518 2.879296;0.04777667 -0.5094734 2.833234;-0.01064189 -0.8863961 2.856254;-0.04351624 -0.952328 2.816988;0.2798195 -0.04842087 2.937735;0.3558445 -0.503592 2.899313;0.3987523 -0.8742099 2.886633;0.4133206 -0.9327189 2.838471;2
0.2147681 0.02211569 2.919451;0.1930793 0.08260965 2.970454;0.2198169 0.4326311 2.965438;0.2696851 0.6102053 2.961114;0.1164666 0.3435889 2.859382;0.09565543 0.4080502 2.630442;0.185382 0.4391951 2.432459;0.2558616 0.4709722 2.357481;0.3463831 0.3207432 3.016493;0.3967614 0.1383074 3.047931;0.4161886 0.1903846 2.847488;0.3889114 0.2561479 2.860728;0.1642066 -0.03384921 2.876462;0.04898105 -0.5090911 2.83337;-0.01053861 -0.8863756 2.856462;-0.04421913 -0.9530859 2.817369;0.280079 -0.04910064 2.941446;0.3560358 -0.5034681 2.901039;0.3974096 -0.8739394 2.887916;0.4129278 -0.932461 2.839419;2
0.2164078 0.02214988 2.919663;0.1934357 0.08300104 2.969807;0.2211672 0.4322063 2.965506;0.2687792 0.6010966 2.957101;0.1172422 0.3279959 2.863795;0.06569315 0.3647106 2.621267;0.1904687 0.4020771 2.418225;0.2426589 0.4281497 2.373338;0.3429372 0.3185627 3.036666;0.3895236 0.1329233 3.064759;0.4145263 0.1793125 2.845892;0.3952868 0.2452579 2.864929;0.1668843 -0.03510531 2.874288;0.04972159 -0.5087676 2.833319;-0.01048519 -0.8863512 2.856574;-0.04472875 -0.9536356 2.817651;0.2796812 -0.0501501 2.945111;0.3560729 -0.5034096 2.902346;0.3961292 -0.8738323 2.889065;0.4126197 -0.9322125 2.840311;2
0.2175463 0.0223437 2.919872;0.1933162 0.08331263 2.968978;0.2222983 0.4311789 2.965435;0.2682649 0.5969095 2.951065;0.1165453 0.3194076 2.866638;0.01363519 0.3187352 2.624729;0.1388918 0.3550006 2.433764;0.1743603 0.3710945 2.407916;0.3548234 0.3128771 3.077356;0.3850096 0.1300965 3.081454;0.4126433 0.1732674 2.844652;0.4074523 0.2127993 2.808048;0.1685109 -0.03626426 2.87281;0.04974201 -0.5086973 2.833042;-0.01044559 -0.886324 2.856667;-0.04523429 -0.954245 2.818296;0.2791533 -0.05094608 2.94781;0.355813 -0.503608 2.903573;0.3950387 -0.8737871 2.889981;0.4122813 -0.9319634 2.841065;0
0.2182768 0.0213665 2.92011;0.1927735 0.0826892 2.968144;0.2227954 0.4298781 2.96546;0.267746 0.5942925 2.946726;0.1110542 0.311878 2.869988;-0.05048186 0.2732653 2.647416;0.06753596 0.3079584 2.451548;0.08377589 0.3137196 2.437066;0.3585816 0.3108522 3.091367;0.3831452 0.1283845 3.08873;0.4106305 0.160067 2.852691;0.4098024 0.1843428 2.789712;0.1675672 -0.04124217 2.872562;0.04836996 -0.5089714 2.832138;-0.01043249 -0.8863015 2.856738;-0.04554697 -0.9545965 2.818546;0.2784883 -0.05266093 2.949282;0.3554114 -0.5039665 2.904646;0.3941739 -0.8737546 2.890692;0.4120155 -0.9317608 2.841666;0
0.2183323 0.02047496 2.920197;0.1919634 0.08186909 2.967492;0.2161697 0.4242069 2.962788;0.2667002 0.5921713 2.943507;0.07692576 0.3119916 2.87866;-0.1233198 0.2821192 2.679444;-0.04338895 0.2345621 2.470828;-0.03408406 0.2125356 2.430782;0.3603926 0.3090214 3.098272;0.3819695 0.1266017 3.09312;0.4158642 0.1233374 2.878617;0.4113692 0.165615 2.786743;0.164741 -0.04586533 2.872563;0.04461754 -0.5091306 2.829358;-0.01045921 -0.8862758 2.856789;-0.04577104 -0.9548302 2.818684;0.2777314 -0.05434897 2.950063;0.3549254 -0.5047034 2.905854;0.3935498 -0.8738073 2.891245;0.4117961 -0.9317048 2.842121;0
0.2167653 0.01884073 2.919908;0.1898032 0.08005854 2.966637;0.2064474 0.4171703 2.959616;0.2610592 0.5879604 2.939475;0.05480622 0.3125685 2.884656;-0.1462989 0.2440758 2.837885;-0.1769843 0.1824709 2.590263;-0.1799895 0.1558439 2.474898;0.3527622 0.3026375 3.079735;0.3816835 0.125575 3.075021;0.4218036 0.1008755 2.877824;0.4067945 0.1547398 2.770199;0.158709 -0.05125125 2.872715;0.03852738 -0.5090501 2.823366;-0.01112501 -0.8869153 2.857133;-0.04593857 -0.9550105 2.81876;0.2763127 -0.05655216 2.94978;0.354496 -0.5054427 2.906971;0.3930996 -0.8737046 2.89171;0.4116339 -0.9316882 2.842507;0
0.2127283 0.01622802 2.918934;0.1867225 0.07725966 2.965678;0.1861978 0.4055304 2.952613;0.2429132 0.5827021 2.933218;0.01952787 0.3078488 2.902683;-0.2089918 0.1980094 2.903421;-0.3096167 0.1211321 2.716028;-0.3475178 0.1007031 2.595783;0.3432192 0.2968324 3.057579;0.3808048 0.1243932 3.063649;0.4219755 0.09281269 2.870006;0.3873675 0.1612852 2.733296;0.1499892 -0.05752686 2.872895;0.0326666 -0.5081701 2.816406;-0.01180277 -0.8872706 2.857083;-0.04606179 -0.9551425 2.81879;0.2742749 -0.05931671 2.948363;0.3541271 -0.5062933 2.908191;0.3928069 -0.8735132 2.892187;0.4114164 -0.9317499 2.843071;0
0.2038779 0.01146876 2.916839;0.1821486 0.07257061 2.964726;0.1643111 0.3939325 2.947787;0.2045882 0.575523 2.926696;-0.01196006 0.3046722 2.923276;-0.235407 0.169006 2.980234;-0.4053584 0.09265447 2.841635;-0.4802563 0.07307289 2.772897;0.3167588 0.2963461 3.015118;0.3987596 0.1175204 2.933256;0.3815857 0.1305852 2.741102;0.352343 0.179721 2.684818;0.1376894 -0.0651778 2.874185;0.02694385 -0.5078226 2.808644;-0.01260458 -0.8875839 2.856891;-0.04615303 -0.9552395 2.818789;0.2700852 -0.0633003 2.943949;0.3538634 -0.5070497 2.909251;0.3926919 -0.8731957 2.892862;0.4112768 -0.9318272 2.843693;0
0.1818652 0.003690155 2.911381;0.1721287 0.06565489 2.962656;0.1421579 0.3865221 2.945883;0.1542615 0.5699381 2.919008;-0.04960951 0.2991124 2.952408;-0.2545378 0.1571883 3.042531;-0.4844409 0.08158013 2.970663;-0.5777566 0.0668743 2.934583;0.288088 0.2986206 2.975175;0.3903271 0.1141908 2.880719;0.3365937 0.1589013 2.689847;0.2943452 0.20726 2.634631;0.1132865 -0.07487638 2.877004;0.02287268 -0.5078815 2.802855;-0.01353467 -0.8881038 2.856706;-0.04621272 -0.9553167 2.818747;0.2535438 -0.06933098 2.927297;0.3536935 -0.507614 2.909897;0.3928373 -0.8728474 2.893519;0.411189 -0.9318908 2.844252;0
0.1580635 -0.0004884801 2.906124;0.1615785 0.06146846 2.960107;0.1218319 0.3849466 2.944966;0.093743 0.5681258 2.914514;-0.0847109 0.2948559 2.984396;-0.2749713 0.1631025 3.094491;-0.5229436 0.09733811 3.101974;-0.6112643 0.0887321 3.094148;0.2505184 0.3125169 2.935104;0.3630088 0.1328879 2.774031;0.267994 0.1862945 2.599146;0.2365014 0.216417 2.577528;0.08835553 -0.0804227 2.882731;0.01866942 -0.5074508 2.797714;-0.01439108 -0.888658 2.856432;-0.04624485 -0.9553836 2.818655;0.2283406 -0.06964617 2.904373;0.3535817 -0.5077191 2.905884;0.3939072 -0.8724214 2.89397;0.4116951 -0.931873 2.844682;0
0.1306724 -0.0006607387 2.902288;0.1437804 0.06084727 2.956867;0.0739833 0.3930154 2.949376;0.03813694 0.5704227 2.922061;-0.1185149 0.2957819 3.025044;-0.2824996 0.1679203 3.167337;-0.5160578 0.1281182 3.215151;-0.6081959 0.1268058 3.239976;0.2158575 0.3228472 2.90027;0.3222415 0.1589287 2.68655;0.2023747 0.2003842 2.522643;0.1783607 0.212439 2.510643;0.06669721 -0.08226737 2.890022;0.01524914 -0.5068876 2.794127;-0.01512602 -0.8891373 2.856149;-0.04626013 -0.955453 2.818552;0.2046785 -0.0657924 2.886483;0.3642064 -0.497365 2.865593;0.4023509 -0.8700844 2.889297;0.4179891 -0.930399 2.841483;5
0.1057882 0.002333212 2.89976;0.1275872 0.06321523 2.953576;0.04838905 0.3998184 2.953492;-0.01016537 0.5823659 2.943157;-0.1345353 0.297165 3.047484;-0.2788232 0.1921448 3.213967;-0.5004615 0.1694448 3.316383;-0.5862355 0.1776149 3.355952;0.1747349 0.3290692 2.869077;0.2635587 0.2028432 2.692466;0.1520984 0.1889649 2.462264;0.1243139 0.1985798 2.443067;0.04692679 -0.08137273 2.899272;0.01182176 -0.5062745 2.79148;-0.01582818 -0.8897294 2.855746;-0.04626102 -0.9555377 2.81842;0.1696949 -0.0534832 2.863772;0.383063 -0.4550787 2.804172;0.4349883 -0.8552038 2.850864;0.4349076 -0.9242332 2.821783;5
0.06350429 0.01497481 2.900798;0.09163156 0.07559067 2.95193;0.01240604 0.4152673 2.97023;-0.04359606 0.5931541 2.967742;-0.1478827 0.3012608 3.078949;-0.274575 0.2114479 3.243631;-0.4690695 0.21403 3.38589;-0.5480651 0.2257775 3.436193;0.1354978 0.3314289 2.851663;0.2202987 0.225545 2.652296;0.1764473 0.1756681 2.501745;0.1086541 0.1864471 2.413691;0.01323185 -0.07470478 2.920186;0.006896238 -0.5054388 2.790141;-0.01650077 -0.8903484 2.855253;-0.04630328 -0.9557093 2.818543;0.1241932 -0.035093 2.842866;0.4027074 -0.3980982 2.733666;0.4695844 -0.8212037 2.80571;0.4375921 -0.8683451 2.760171;5
-0.02122979 0.02386225 2.918207;0.02030654 0.08335237 2.963088;-0.02012033 0.4284481 2.993094;-0.07555747 0.6046754 3.004165;-0.1618028 0.3065807 3.13129;-0.2721957 0.2776558 3.319842;-0.4471886 0.3265989 3.477127;-0.5163494 0.3547708 3.527114;0.06572309 0.3233867 2.855345;0.15347 0.2441441 2.670519;0.1479353 0.1790217 2.438384;0.1432685 0.1920483 2.37268;-0.06813661 -0.06290525 2.955424;-0.0111263 -0.5070729 2.793932;-0.0178319 -0.890897 2.854009;-0.04801354 -0.9575891 2.824301;0.02674576 -0.02166294 2.845157;0.3861595 -0.2394051 2.592588;0.5932084 -0.6347749 2.668044;0.5261412 -0.6596419 2.610324;5
-0.04428802 0.02722665 2.926334;0.0008978387 0.08541709 2.968849;-0.02630268 0.4313051 3.001189;-0.07856458 0.6061321 3.013764;-0.1632645 0.3093067 3.145277;-0.2744777 0.3190378 3.34222;-0.4512317 0.3804761 3.471913;-0.5179552 0.4210675 3.519405;0.05148212 0.3189275 2.868776;0.1351183 0.2444604 2.685749;0.1729105 0.2023386 2.443961;0.1880024 0.2041813 2.363331;-0.09946766 -0.05227247 2.970364;-0.02479365 -0.5074546 2.801523;-0.01943311 -0.8868423 2.850532;-0.04812686 -0.9563071 2.821787;0.0007411409 -0.01976902 2.852751;0.3560919 -0.1503907 2.530952;0.6463307 -0.5048975 2.554065;0.6481904 -0.5451847 2.503919;5
-0.05706049 0.03003378 2.930766;-0.00979056 0.08708669 2.971834;-0.02639604 0.4327355 3.011487;-0.07508067 0.6059541 3.021188;-0.1610339 0.3165241 3.172361;-0.279902 0.3373739 3.357332;-0.4692554 0.4452734 3.457733;-0.5351301 0.497888 3.495751;0.04892956 0.3160653 2.887611;0.131555 0.2278409 2.721069;0.2388549 0.2156662 2.488111;0.2802933 0.2258322 2.379534;-0.1138724 -0.04738021 2.976644;-0.03656447 -0.5058785 2.810656;-0.02078816 -0.8827119 2.847392;-0.04818117 -0.9555472 2.820262;-0.01315098 -0.01778014 2.857141;0.2987062 -0.06226263 2.500255;0.5976089 -0.3073899 2.436882;0.5418578 -0.336527 2.387306;5
-0.06367008 0.04051702 2.936241;-0.01647454 0.09192642 2.975955;-0.02388567 0.4327016 3.019785;-0.06771115 0.6043724 3.02683;-0.1599905 0.3202799 3.184701;-0.2831118 0.3640029 3.346719;-0.4738308 0.492764 3.419389;-0.5402074 0.5515641 3.439278;0.05620801 0.3180556 2.910098;0.145875 0.2249329 2.74006;0.3064079 0.234166 2.514315;0.3742096 0.2432218 2.406691;-0.1231105 -0.04109272 2.979841;-0.04627879 -0.505582 2.820147;-0.02175931 -0.8793985 2.845101;-0.04817379 -0.9547919 2.818691;-0.01880034 -0.006041212 2.863713;0.2099246 0.01117932 2.487791;0.5512133 -0.1877551 2.270039;0.6014851 -0.1878179 2.200634;5
-0.065015 0.05234608 2.942208;-0.01938956 0.09879581 2.982096;-0.01802721 0.4312167 3.028698;-0.0594348 0.6009328 3.030936;-0.1588869 0.3287273 3.196199;-0.3268884 0.4069175 3.322317;-0.5169512 0.5506297 3.340619;-0.5763597 0.6091039 3.330339;0.07525502 0.321757 2.931696;0.2124291 0.2553731 2.792039;0.3746816 0.2550543 2.612972;0.4770137 0.2634695 2.453194;-0.1298165 -0.03186404 2.981143;-0.0548397 -0.4965412 2.831472;-0.02242599 -0.8769396 2.84346;-0.04938638 -0.9551312 2.819224;-0.01780075 0.003941717 2.870948;0.1574694 0.05377796 2.484987;0.5083486 -0.1198793 2.214907;0.4969652 -0.1183691 2.152866;5
-0.0657635 0.0715281 2.960763;-0.02191625 0.1118162 3.000742;-0.009868734 0.427664 3.037575;-0.04954888 0.5948505 3.032566;-0.1586232 0.3341523 3.202395;-0.3630585 0.4355136 3.287591;-0.5327805 0.5745825 3.233799;-0.5914191 0.6452278 3.213849;0.1138276 0.3209552 2.949229;0.2711909 0.2843784 2.831861;0.4596612 0.2667767 2.658684;0.5678204 0.2808645 2.518297;-0.1473889 -0.009808251 2.995673;-0.06005163 -0.488922 2.841378;-0.02309578 -0.8736669 2.84219;-0.06341607 -0.9167664 2.794333;-0.01428261 0.01092583 2.888261;0.08653656 0.09871256 2.494703;0.4163262 -0.03826092 2.171455;0.3906401 0.008297611 2.101266;5
-0.0670887 0.07690802 2.968871;-0.02400504 0.1165439 3.010261;-0.007889279 0.4266042 3.041923;-0.04383968 0.5909873 3.032931;-0.1593205 0.3402551 3.202601;-0.3849438 0.4498827 3.214712;-0.5514989 0.6076218 3.099363;-0.5964494 0.6700708 3.058893;0.1221967 0.3214852 2.955399;0.3451432 0.2928927 2.860184;0.5372162 0.2739562 2.718066;0.619102 0.2855262 2.629754;-0.1536832 -0.004171017 3.000604;-0.06289841 -0.4895639 2.852786;-0.02350439 -0.8711723 2.841301;-0.05963453 -0.9171864 2.79016;-0.01062213 0.01115943 2.902064;0.05389329 0.1254695 2.492605;0.3818185 -0.03805806 2.182987;0.3463121 0.01613055 2.114496;5
-0.06642047 0.0793092 2.973852;-0.02548174 0.1194706 3.016697;0.02138887 0.4440567 3.031249;-0.02513132 0.5960737 3.025646;-0.1355863 0.3646205 3.177727;-0.3820441 0.4461613 3.120093;-0.5139564 0.5551705 2.987257;-0.5450522 0.6234983 2.931156;0.1745779 0.3417133 2.983127;0.3721073 0.2830432 2.905159;0.5409411 0.2736996 2.80073;0.6936634 0.2867095 2.709434;-0.1571475 -0.0002545989 3.003082;-0.06394848 -0.4824298 2.868402;-0.02370585 -0.8693504 2.840705;-0.05444864 -0.9202884 2.789847;-0.0008869707 0.004280972 2.917081;0.04676949 0.08446328 2.50775;0.3666176 -0.07574145 2.187784;0.3279309 -0.02170254 2.120976;5
-0.06094002 0.07638754 2.97907;-0.02253118 0.1167021 3.023661;0.0257003 0.4134507 3.046403;-0.008832367 0.5832877 3.020883;-0.1307107 0.3566349 3.176635;-0.3899058 0.4030822 3.094767;-0.4644989 0.5047488 2.905728;-0.5141865 0.6014951 2.811932;0.1922162 0.3430457 2.994833;0.400608 0.2831708 2.943376;0.5718486 0.2740225 2.870343;0.6462662 0.276713 2.84747;-0.1458576 -0.001994896 3.00115;-0.06335516 -0.4871619 2.876805;-0.02372115 -0.8674103 2.840343;-0.05025471 -0.9235281 2.790419;0.005625653 -0.003334996 2.929585;0.06509634 0.00817442 2.525896;0.3752083 -0.1474768 2.207531;0.3359166 -0.09407118 2.141244;5
-0.02014171 0.04578883 2.965586;0.0007115309 0.07998186 3.018353;0.01711059 0.3412588 3.044426;0.001007905 0.5418153 3.021048;-0.1532301 0.3434134 3.126017;-0.4108183 0.3809797 3.049746;-0.3871706 0.468336 2.818347;-0.4285293 0.5455995 2.746458;0.1989624 0.3346314 3.004104;0.4188832 0.2755389 2.980914;0.6114939 0.2656691 2.9291;0.7017785 0.2662205 2.911123;-0.08876951 -0.04049145 2.964282;-0.06198678 -0.4929047 2.881828;-0.02367771 -0.8665507 2.840139;-0.04711001 -0.9267071 2.791472;0.04874466 -0.03263144 2.919771;0.09114099 -0.05296406 2.519253;0.3837461 -0.2011451 2.227389;0.3348518 -0.1379869 2.156748;5
0.02563562 0.02001031 2.944017;0.0291351 0.05590479 3.006807;0.01642743 0.3309107 3.048936;0.004500206 0.534541 3.019272;-0.1645274 0.3110656 3.083189;-0.4196708 0.3541732 3.021051;-0.2549027 0.351452 2.912032;-0.2198179 0.373312 2.85384;0.1987786 0.3244624 3.009744;0.4360927 0.2714762 3.012881;0.6602948 0.2531855 2.994337;0.7414269 0.2493992 2.960245;-0.03278534 -0.06723401 2.927379;-0.06060739 -0.4980861 2.884583;-0.02347349 -0.8656792 2.840278;-0.04593402 -0.9269282 2.79161;0.09910539 -0.04992503 2.900954;0.1018029 -0.07817739 2.51061;0.3937389 -0.2304989 2.240024;0.3487507 -0.173703 2.171417;5
0.04839061 0.001934126 2.931783;0.04651529 0.03493119 2.996448;0.02385968 0.291045 3.031679;0.005258868 0.5170346 3.018618;-0.1615118 0.2971218 3.060561;-0.4125632 0.3226031 2.979585;-0.1881257 0.2978924 2.840246;-0.1912529 0.3513761 2.800304;0.1969245 0.3166808 3.012906;0.4434597 0.2683219 3.033533;0.6645921 0.2360711 3.041264;0.748204 0.2270231 3.032861;-0.002435915 -0.0851662 2.907159;-0.05916569 -0.5023384 2.886014;-0.02313154 -0.8650777 2.840615;-0.04333626 -0.9277921 2.795933;0.1196746 -0.06133827 2.893117;0.1078513 -0.09133036 2.50612;0.3989289 -0.2457626 2.246572;0.3555887 -0.1908497 2.178413;5
0.06376645 0.03503965 2.934111;0.05985406 0.06557736 2.99758;0.01387031 0.3296408 3.037526;0.0009923184 0.5199304 3.015168;-0.1589582 0.2916682 3.049259;-0.2936034 0.2802612 2.899992;-0.1679024 0.381385 2.699459;-0.1366584 0.4198254 2.657565;0.1933725 0.3109415 3.013893;0.4457515 0.2666883 3.046054;0.6823685 0.2238944 3.088426;0.765851 0.2133929 3.08306;-0.008606667 -0.0228607 2.926422;-0.05799666 -0.5055884 2.886775;-0.02251163 -0.8649011 2.84119;-0.04198381 -0.9287171 2.798995;0.151275 -0.0328209 2.891431;0.1189392 -0.08650444 2.502429;0.4128688 -0.2417706 2.248482;0.3713546 -0.1883759 2.179624;5
0.06924846 0.05284757 2.935356;0.06478386 0.08548631 2.998533;0.01356426 0.3474029 3.038928;-0.003182459 0.5244786 3.012558;-0.1477662 0.2947854 3.048697;-0.2446333 0.2584988 2.871313;-0.1127965 0.3606744 2.677663;-0.07572296 0.3938262 2.638696;0.1898947 0.3071479 3.013595;0.4315615 0.2646022 3.055682;0.6070632 0.2205111 3.093277;0.6968842 0.2055054 3.101044;-0.001909201 -0.006088734 2.926818;-0.057431 -0.5074781 2.887404;-0.02156218 -0.8651663 2.842005;-0.0409528 -0.9297537 2.802685;0.1616861 -0.01713723 2.889407;0.1274851 -0.07995394 2.498644;0.4238916 -0.2351748 2.249481;0.3837075 -0.1827473 2.179893;5
0.0704483 0.06400462 2.935937;0.06715718 0.09651826 2.998362;0.01779789 0.3672355 3.041;-0.006186241 0.5290838 3.01086;-0.1367911 0.3017493 3.053357;-0.2043075 0.2478358 2.852059;-0.07988102 0.3611554 2.652413;-0.04176412 0.3822033 2.631059;0.1895198 0.3053584 3.013985;0.4280866 0.2625149 3.060313;0.6314712 0.2080869 3.119016;0.7229087 0.1908904 3.120623;-0.005905564 0.009272654 2.931072;-0.05675355 -0.5091966 2.888016;-0.02066327 -0.8656198 2.84291;-0.04041181 -0.9308001 2.805008;0.1655973 -0.007540627 2.887868;0.1388001 -0.07134224 2.495113;0.4373323 -0.2260551 2.249328;0.398323 -0.1740858 2.178947;5
0.07043546 0.07024321 2.935681;0.06861349 0.1029762 2.997635;0.02589593 0.3835799 3.040123;-0.006326043 0.5333922 3.009209;-0.1278605 0.3076305 3.056922;-0.1971614 0.2512746 2.865167;-0.0723264 0.3612647 2.657554;-0.0244102 0.3814187 2.628373;0.1893843 0.3044527 3.013172;0.4268143 0.2572426 3.057511;0.6334504 0.1957655 3.111723;0.723704 0.1681523 3.110207;-0.007989354 0.01590138 2.932758;-0.05545155 -0.511706 2.888959;-0.01988281 -0.866039 2.843749;-0.04003797 -0.9313478 2.806244;0.1645443 -0.0007111826 2.886241;-0.2797751 -0.1885819 2.679791;-0.4363798 -0.5322967 2.639415;-0.43999 -0.4680341 2.552473;5
0.06311513 0.07160857 2.938782;0.06836379 0.1070008 2.997852;0.0323143 0.3938447 3.038667;-0.003766676 0.541216 3.007744;-0.1200336 0.3103393 3.059853;-0.1912811 0.2522955 2.869247;-0.05891097 0.3586237 2.661293;-0.01557653 0.3824214 2.629809;0.1903412 0.3045169 3.010209;0.4276459 0.2498274 3.045972;0.6288621 0.1733634 3.049947;0.7183267 0.1431726 3.053229;-0.02883828 0.007379324 2.950956;-0.05418505 -0.513598 2.889981;-0.01859378 -0.8670746 2.844975;-0.03966743 -0.9320801 2.807176;0.1418917 -0.003817914 2.891448;-0.2947888 -0.2076792 2.709221;-0.3870073 -0.6269887 2.684469;-0.473412 -0.606667 2.658088;5
0.05257675 0.07054076 2.943303;0.06551741 0.1096842 2.999279;0.03718003 0.4016177 3.038048;-0.0008235422 0.5482695 3.006888;-0.1141377 0.3124338 3.063147;-0.1881318 0.2570793 2.881439;-0.05712504 0.3595915 2.671887;-0.01197135 0.3825238 2.643165;0.1923416 0.3061057 3.004644;0.4301084 0.2400601 3.022114;0.620005 0.1582555 3.006067;0.70899 0.1258331 3.003556;-0.04155613 0.002646521 2.96205;-0.05259728 -0.517893 2.89252;-0.01612151 -0.8686504 2.846755;-0.03850956 -0.9335855 2.808142;0.1250126 -0.007457081 2.894567;-0.2743796 -0.2791255 2.731793;-0.3466296 -0.7216878 2.686797;-0.3024548 -0.7723355 2.683066;5
0.04481743 0.06918733 2.946791;0.06307713 0.1113651 3.000585;0.05178085 0.412261 3.032604;0.002688932 0.5546652 3.006744;-0.1094259 0.315077 3.067461;-0.1898207 0.2869716 2.886364;-0.06488396 0.3698821 2.692075;-0.02389206 0.3855109 2.679864;0.1955363 0.3097028 2.995849;0.4324747 0.2266536 2.971915;0.6033937 0.1425272 2.928259;0.6904119 0.1090035 2.914611;-0.04961333 -0.0005307856 2.96988;-0.04875218 -0.5195493 2.89569;-0.01181219 -0.8743183 2.847913;-0.03697515 -0.9375255 2.807611;0.1135157 -0.01039196 2.896502;-0.211226 -0.3915909 2.760757;-0.1431817 -0.7958103 2.711527;-0.185159 -0.8451992 2.683803;5
0.03972175 0.06838482 2.949235;0.0613572 0.1124851 3.001652;0.05852149 0.4173074 3.030195;0.005759421 0.559272 3.006691;-0.1033904 0.3294476 3.082189;-0.1994663 0.3119294 2.91021;-0.07586443 0.3810715 2.712572;-0.03403497 0.3906586 2.708994;0.1977404 0.3121819 2.987133;0.4308135 0.2144924 2.925076;0.5906103 0.127782 2.853583;0.6699233 0.08979023 2.820447;-0.05385406 -0.001734333 2.974463;-0.0238004 -0.4925294 2.901732;-0.02444603 -0.8675727 2.84313;-0.04358522 -0.9305702 2.804416;0.1069859 -0.01207407 2.89748;-0.1441113 -0.4634944 2.758237;0.009974338 -0.8288437 2.753475;-0.04133369 -0.908233 2.73062;5
0.03635443 0.06802484 2.950936;0.05992568 0.1132227 3.002563;0.06205282 0.4201465 3.028889;0.007923454 0.5622612 3.006639;-0.1006657 0.3367875 3.089631;-0.2032868 0.3227833 2.919393;-0.08329873 0.3977284 2.726069;-0.03289701 0.3977242 2.720689;0.199063 0.3138772 2.979604;0.4281985 0.2073805 2.899434;0.5816255 0.1103859 2.780821;0.652887 0.06894705 2.721631;-0.05647311 -0.002281186 2.977435;-0.01505289 -0.4839604 2.90343;-0.02447205 -0.8681588 2.843909;-0.04554022 -0.9303769 2.804564;0.1029204 -0.01303464 2.897997;-0.07115389 -0.5092703 2.748262;0.0899296 -0.8663001 2.771541;0.09376485 -0.90354 2.709156;5
0.03403797 0.06703842 2.952209;0.05896668 0.1133365 3.003268;0.06521422 0.4217898 3.027541;0.01093575 0.5649771 3.006403;-0.09830817 0.3402682 3.093263;-0.2059932 0.3304224 2.925258;-0.1018814 0.4207072 2.741104;-0.03619891 0.4094498 2.731535;0.1999331 0.3146983 2.973341;0.4167545 0.1987543 2.857259;0.5564091 0.1031613 2.73754;0.6177279 0.05402758 2.650958;-0.05686995 -0.006449049 2.980154;-0.06160933 -0.4696282 2.919267;-0.02181418 -0.8705185 2.848227;-0.04640659 -0.9298313 2.805776;0.1001825 -0.01369454 2.898334;0.01629604 -0.5154342 2.729092;0.1880247 -0.8842187 2.78646;0.1966199 -0.9485589 2.742602;5
0.03229602 0.06401099 2.953498;0.05829275 0.1123351 3.003991;0.06932273 0.4225236 3.025445;0.01710624 0.5684263 3.005324;-0.09603781 0.3426939 3.0957;-0.2075756 0.3361164 2.929219;-0.1109909 0.4355831 2.747484;-0.07250258 0.4636777 2.722777;0.200562 0.314964 2.968693;0.4069379 0.193692 2.829824;0.5296995 0.09536926 2.695387;0.5831052 0.04251733 2.612556;-0.05512226 -0.01637728 2.982296;-0.07621464 -0.5011297 2.929957;-0.01898477 -0.8727534 2.852495;-0.04692657 -0.929441 2.807236;0.09815156 -0.01431328 2.89863;0.09428862 -0.5144002 2.70756;0.2553174 -0.8671924 2.780855;0.2255233 -0.8978823 2.706445;5
0.03149785 0.05899755 2.955279;0.05800419 0.1097002 3.005226;0.07222515 0.4226969 3.023929;0.02189207 0.5705888 3.005066;-0.0941099 0.3443628 3.097181;-0.2077779 0.3412153 2.930938;-0.1159167 0.4454816 2.751442;-0.08687784 0.4887035 2.717402;0.201362 0.3153545 2.965358;0.4035347 0.1908194 2.817747;0.508245 0.0900281 2.678933;0.5704564 0.03575356 2.601236;-0.05312254 -0.0244042 2.983864;-0.08059822 -0.5175058 2.934083;-0.01688229 -0.8742069 2.856509;-0.0472175 -0.9292091 2.808664;0.09680681 -0.01593001 2.899482;0.1624592 -0.4958307 2.700751;0.2712079 -0.8597206 2.778975;0.2424901 -0.8890792 2.702592;5
0.0367666 0.04801122 2.954406;0.06069098 0.1031855 3.005477;0.07447805 0.4226208 3.022869;0.02650885 0.5720958 3.005779;-0.08875261 0.3444539 3.092924;-0.1768521 0.3643035 2.903928;-0.1109531 0.4636562 2.743238;-0.09045871 0.5109211 2.70552;0.2031204 0.3155553 2.962712;0.3982335 0.1906546 2.817861;0.4939172 0.09174449 2.687489;0.5545501 0.02062645 2.589092;-0.03248765 -0.04406482 2.97244;-0.08067343 -0.5280811 2.934499;-0.01568744 -0.8766818 2.861339;-0.04820847 -0.9300877 2.80942;0.09803424 -0.01967498 2.900326;0.2221838 -0.4801568 2.710059;0.3024344 -0.8749259 2.803007;0.3165922 -0.9299147 2.764741;5
0.04467291 0.03870151 2.952044;0.06395599 0.0968765 3.005179;0.07622296 0.4223534 3.022218;0.03589733 0.5723884 3.008307;-0.07492764 0.3368532 3.06198;-0.1590452 0.3730782 2.871391;-0.06692805 0.5076279 2.714449;-0.03614587 0.5653343 2.684088;0.2068953 0.3160852 2.961382;0.3924208 0.1977365 2.851073;0.4895393 0.08509323 2.707945;0.555651 0.007615482 2.608779;-0.01966254 -0.05278851 2.964978;-0.0778392 -0.5333019 2.930677;-0.01532434 -0.8781661 2.864525;-0.04944288 -0.9316182 2.810157;0.104624 -0.02524965 2.900449;0.2577637 -0.4707641 2.725709;0.313679 -0.8755095 2.809988;0.3315582 -0.9341711 2.778896;5
0.06115004 0.02814369 2.946174;0.07240217 0.08816592 3.002954;0.07940304 0.4215259 3.022394;0.05294833 0.5730103 3.01365;-0.06150917 0.3264437 3.0327;-0.1120141 0.383297 2.819845;-0.009664312 0.5557529 2.671838;0.005532818 0.592552 2.663472;0.2171225 0.3165774 2.964774;0.4092063 0.194198 2.892391;0.5364923 0.06417257 2.762193;0.5985694 0.00113968 2.678126;-6.79153E-05 -0.05736547 2.950949;-0.07219373 -0.5331012 2.920529;-0.01560358 -0.8791374 2.866636;-0.05009481 -0.9327156 2.810896;0.1222202 -0.03340948 2.900518;0.2738191 -0.4670583 2.738385;0.325023 -0.8763347 2.81434;0.3350055 -0.9416004 2.792138;0
0.07865571 0.02009121 2.939739;0.07999695 0.08125407 3.000083;0.08413751 0.4211686 3.023095;0.07423844 0.5761043 3.0206;-0.04266695 0.3216067 3.003393;-0.08287483 0.3637749 2.788088;0.02494919 0.5492165 2.641017;0.04788325 0.6003662 2.634353;0.2483481 0.3132317 2.987224;0.4445783 0.182681 2.95145;0.5794241 0.06311972 2.841473;0.6475878 -0.001615905 2.751995;0.02252178 -0.05750929 2.930572;-0.0651497 -0.5293691 2.90389;-0.01610859 -0.8799615 2.867899;-0.05269619 -0.9376516 2.81395;0.1440421 -0.04152637 2.90372;0.2912648 -0.4671227 2.750915;0.3207531 -0.8783535 2.818193;0.3179827 -0.9220125 2.762152;0
0.109937 0.007687671 2.926939;0.09725103 0.06805909 2.990946;0.09650397 0.4173813 3.02445;0.1112179 0.5749424 3.031698;-0.002212724 0.3118398 2.967297;-0.05299411 0.3341551 2.759329;0.04921481 0.5179007 2.599737;0.08321456 0.5856418 2.587059;0.2830829 0.3085203 3.013215;0.4847935 0.1716185 3.01133;0.639068 0.06661061 2.949112;0.7075994 0.01618475 2.884658;0.05373275 -0.05784533 2.902844;-0.05905103 -0.5197086 2.870137;-0.01845013 -0.8804178 2.867768;-0.05416991 -0.9399962 2.81497;0.1715709 -0.05236964 2.906566;0.3009204 -0.4692145 2.765668;0.3153219 -0.8844267 2.824137;0.3225221 -0.9226778 2.763649;0
0.1297098 0.001926606 2.91895;0.1115719 0.0601197 2.983265;0.1209308 0.4123493 3.026878;0.1461642 0.5731666 3.040471;0.02581137 0.3051364 2.945124;-0.03840633 0.3062849 2.745154;0.05884935 0.4627115 2.559425;0.09730209 0.5307485 2.525498;0.3116964 0.3077841 3.038491;0.5173146 0.172308 3.083982;0.700927 0.07195323 3.061185;0.7706113 0.03141208 3.013772;0.07367594 -0.05720023 2.886049;-0.06623857 -0.500285 2.823761;-0.03702999 -0.8752605 2.855495;-0.0576106 -0.9433638 2.815289;0.1900131 -0.05838553 2.907601;0.3012465 -0.4730677 2.778036;0.3116396 -0.8890513 2.828234;0.3197462 -0.9460433 2.791681;0
0.146624 -0.0001475136 2.912781;0.1246618 0.05613646 2.976408;0.1487495 0.4085473 3.029607;0.1644244 0.5723279 3.045426;0.0561607 0.306037 2.930753;-0.02627451 0.2737839 2.715229;0.05176736 0.3993616 2.508286;0.08242018 0.4533454 2.472591;0.3428559 0.3074383 3.06786;0.5425809 0.1739717 3.151944;0.7266279 0.08779921 3.159647;0.8029085 0.053012 3.127868;0.08845147 -0.055291 2.875887;-0.08436704 -0.4651881 2.771595;-0.0800596 -0.8449085 2.8139;-0.06590737 -0.8835723 2.74933;0.2055333 -0.06135935 2.906919;0.3022653 -0.4758707 2.785579;0.310096 -0.8923333 2.830866;0.322023 -0.9518024 2.797289;6
0.1808818 0.01604931 2.908482;0.1543209 0.06538205 2.969982;0.1779706 0.407002 3.033333;0.183168 0.5752444 3.051674;0.07100078 0.307987 2.925402;-0.02320525 0.2529487 2.699847;0.01886505 0.3293397 2.467977;0.04958169 0.3858671 2.431415;0.3803872 0.3020988 3.098915;0.5673903 0.1769888 3.219301;0.7893042 0.08710419 3.243529;0.8552843 0.05622598 3.205787;0.1118982 -0.04119896 2.86463;-0.1006248 -0.4069561 2.716863;-0.1486898 -0.8039964 2.755945;-0.1108186 -0.8339704 2.687067;0.2443945 -0.05364481 2.908144;0.3042433 -0.4767226 2.79006;0.3093895 -0.8939194 2.832392;0.3240102 -0.9571678 2.803934;6
0.2097819 0.02802398 2.907499;0.1840729 0.07423517 2.967705;0.2039272 0.4067015 3.038227;0.1954273 0.5781721 3.054753;0.08087999 0.3101838 2.925452;-0.02470363 0.2398392 2.695793;-0.05760999 0.2523143 2.468654;-0.05800228 0.2705567 2.408175;0.3942077 0.3018425 3.111075;0.5706843 0.1844804 3.242377;0.7621418 0.104612 3.269258;0.8454842 0.07466702 3.250813;0.142993 -0.02718315 2.860118;-0.1119292 -0.3339934 2.659995;-0.2232402 -0.7253969 2.693854;-0.1747686 -0.7468927 2.618467;0.2760542 -0.04615911 2.907661;0.3054718 -0.4795869 2.794295;0.3089685 -0.8950406 2.833505;0.324072 -0.9609345 2.808405;6
0.2328587 0.03925862 2.909548;0.2060615 0.08246763 2.96853;0.2197347 0.4067515 3.041907;0.2078765 0.5813374 3.05521;0.08886757 0.3110616 2.930807;-0.04659042 0.2098557 2.807774;-0.1451934 0.1670737 2.580176;-0.1755706 0.1688589 2.501607;0.4084966 0.3097409 3.129141;0.5808988 0.186451 3.267186;0.7674247 0.1187693 3.293218;0.8488274 0.08501333 3.267228;0.1621592 -0.01810277 2.860309;-0.1166888 -0.2641205 2.608442;-0.3168277 -0.6396164 2.618614;-0.2655426 -0.6584519 2.541515;0.3065827 -0.03540307 2.907623;0.3090142 -0.4930334 2.80255;0.3086773 -0.895854 2.834229;0.3228979 -0.9632949 2.810935;6
0.2476066 0.04774795 2.910998;0.2209514 0.08915524 2.969585;0.2299291 0.4070003 3.044469;0.2179907 0.5832918 3.052809;0.09618326 0.3115219 2.942503;-0.06324405 0.1831039 2.855614;-0.2149072 0.09881906 2.680447;-0.2782825 0.08582111 2.590789;0.4151656 0.3136297 3.137434;0.5812572 0.1938914 3.268348;0.7619182 0.1299688 3.292252;0.847004 0.1008736 3.262556;0.1776174 -0.008846479 2.861217;-0.1297481 -0.1980475 2.542156;-0.393991 -0.5274831 2.521691;-0.3954747 -0.5519659 2.462986;0.3234195 -0.02750314 2.907815;0.312762 -0.5034965 2.808901;0.3084092 -0.8963253 2.83456;0.3314262 -0.9477119 2.791133;6
0.2855731 0.06381518 2.922544;0.2538049 0.1009845 2.978542;0.2364725 0.4070474 3.045992;0.2257349 0.5846622 3.048713;0.1002777 0.3107392 2.954076;-0.0871785 0.164422 2.935813;-0.2501351 0.06547994 2.815925;-0.3305412 0.03905141 2.76902;0.418757 0.3184189 3.142197;0.588868 0.2037566 3.2647;0.7775524 0.1558487 3.254189;0.8587251 0.1243112 3.209282;0.2196744 -0.001540804 2.872189;-0.04920946 -0.08201845 2.530731;-0.3687559 -0.3768262 2.439414;-0.4271436 -0.3718593 2.399816;0.3677757 -0.007958232 2.918433;0.3155632 -0.5103449 2.813687;0.3081819 -0.896624 2.834691;0.3359421 -0.938172 2.778654;6
0.2994266 0.06978791 2.926621;0.267093 0.1056458 2.982187;0.2410281 0.4069887 3.04699;0.2309907 0.5842654 3.041663;0.100922 0.3085369 2.9681;-0.09762518 0.1548334 3.00363;-0.2980725 0.02902217 2.937815;-0.3905995 -0.003651658 2.921876;0.4207937 0.3222547 3.142601;0.6129914 0.2285776 3.229359;0.7897446 0.1756269 3.207986;0.880338 0.1454949 3.106777;0.2356445 0.001454459 2.876545;0.01015611 0.002116444 2.504197;-0.3351586 -0.2141527 2.346667;-0.3819602 -0.2399347 2.279309;0.3853174 -0.0004316056 2.922749;0.3174612 -0.5138427 2.817356;0.3072898 -0.8939913 2.833659;0.3373707 -0.9275882 2.768217;6
0.307692 0.07411707 2.929519;0.2759862 0.1090026 2.985203;0.2433593 0.406148 3.04723;0.2330497 0.58235 3.032209;0.08722042 0.3051277 3.001736;-0.0969699 0.1551251 3.071229;-0.2721577 0.06765676 3.034036;-0.3900537 0.008972797 3.045504;0.420598 0.3258362 3.134956;0.6397648 0.2443359 3.164665;0.8087034 0.1987095 3.100878;0.8882646 0.1731665 3.000989;0.2446027 0.003676837 2.879461;0.07066156 0.06432829 2.49086;-0.3011932 -0.1143473 2.285725;-0.3574931 -0.1476051 2.216607;0.3957528 0.004302133 2.925352;0.3193348 -0.5150952 2.820789;0.305867 -0.8922334 2.833095;0.3353534 -0.9208692 2.761098;6
0.3130642 0.07707743 2.933913;0.2839577 0.1115007 2.990156;0.2433162 0.4040771 3.046699;0.2289294 0.5765939 3.017528;0.06641027 0.2994133 3.037432;-0.08853755 0.1636269 3.102981;-0.2789854 0.0678407 3.095706;-0.3705625 0.03634501 3.093366;0.4184073 0.3253067 3.107051;0.651345 0.2571355 3.089939;0.8128205 0.2236561 2.979584;0.8828411 0.2009178 2.863162;0.2508163 0.001302519 2.888825;0.1231881 0.06091882 2.502209;-0.2206923 -0.1196221 2.333293;-0.2085193 -0.1241315 2.267948;0.4046636 0.008109316 2.929998;0.3210505 -0.5149485 2.824;0.3045085 -0.8909882 2.832721;0.3302643 -0.9159015 2.755408;6
0.3150914 0.07818506 2.93915;0.2901528 0.1129126 2.995179;0.2423064 0.4012994 3.045583;0.2255214 0.5727279 3.008557;0.0502595 0.3290699 3.075566;-0.08672833 0.1900697 3.140178;-0.2643331 0.0629455 3.230416;-0.3311288 0.03825903 3.23071;0.4142876 0.3196011 3.068735;0.6479216 0.2740555 2.997607;0.7950589 0.2505077 2.838061;0.8541198 0.2324058 2.717899;0.252567 -0.002150129 2.897234;0.1582527 0.1068071 2.488671;-0.1961344 -0.05456612 2.284188;-0.1793606 -0.02513483 2.18993;0.4098864 0.009673604 2.935197;0.3230221 -0.5122519 2.828043;0.3035613 -0.8899918 2.832672;0.3235367 -0.9123185 2.751717;6
0.3134891 0.07955036 2.943564;0.2952915 0.1202378 2.999089;0.2226081 0.4320046 3.007485;0.1802152 0.5889673 2.987292;0.0477214 0.3361399 3.089322;-0.06967017 0.1896731 3.204718;-0.246388 0.05486343 3.341836;-0.3169057 0.01745033 3.391776;0.3944592 0.3561405 3.008923;0.5762756 0.2868683 2.939016;0.7266924 0.2682343 2.763477;0.7861819 0.2653634 2.600306;0.2459285 -0.006353956 2.94229;0.1845078 0.1326837 2.482373;-0.176656 -0.05864938 2.28606;-0.1544539 -0.03042728 2.193774;0.3967848 0.02710837 2.925411;0.3249919 -0.502474 2.833318;0.3027823 -0.8892062 2.832854;0.3106388 -0.9112058 2.750952;6
0.3088865 0.07985508 2.947553;0.2965955 0.122273 3.001694;0.2223606 0.4157505 3.013738;0.1699258 0.5824726 2.981447;0.04736175 0.3381618 3.098399;-0.0485277 0.1905884 3.25773;-0.2003393 0.06254521 3.404149;-0.2565975 0.0200332 3.466602;0.3928845 0.3529606 3.000584;0.5751831 0.2916854 2.840855;0.6859595 0.278125 2.650188;0.7021892 0.2958803 2.512928;0.243709 -0.006704335 2.951715;0.1869503 0.12653 2.486173;-0.1633358 -0.06347418 2.288906;-0.1406416 -0.03647573 2.198275;0.3808505 0.02535095 2.928819;0.325951 -0.4987269 2.836938;0.30198 -0.8885123 2.832996;0.3049808 -0.9099061 2.749879;6
0.293131 0.06206529 2.951882;0.294909 0.1146828 3.004689;0.2226731 0.405083 3.018531;0.1647317 0.5771562 2.978842;0.05020827 0.3360548 3.102968;-0.02723066 0.1894564 3.287186;-0.1515784 0.06625807 3.463456;-0.1978551 0.02526114 3.535118;0.3795771 0.3546142 2.986316;0.5218366 0.347995 2.743065;0.6192254 0.3147233 2.500564;0.6440743 0.3410184 2.308744;0.2410998 -0.009569614 2.957388;0.1768595 0.1104108 2.492596;-0.1658999 -0.08769498 2.300604;-0.1366519 -0.04989053 2.206179;0.3546706 -0.0001070995 2.927608;0.3261615 -0.4972061 2.839896;0.3013153 -0.8880181 2.833141;0.2961659 -0.9096937 2.750308;6
0.254385 0.02934555 2.941309;0.269143 0.07334518 2.992544;0.2272278 0.3240244 2.999257;0.1732344 0.5289277 2.986828;0.05440489 0.332375 3.102903;-0.009958468 0.190279 3.300931;-0.08900636 0.07726486 3.482902;-0.126527 0.03362374 3.557646;0.3721353 0.3523483 2.97606;0.5044675 0.3019929 2.772283;0.6003728 0.2613449 2.504275;0.6373379 0.2793446 2.314637;0.2020652 -0.03393147 2.941592;0.1624282 0.08982027 2.499238;0.3509144 0.1317424 2.252802;0.3295389 0.1471108 2.165592;0.3102269 -0.03808593 2.913962;0.3254242 -0.4971303 2.843083;0.3007512 -0.8877339 2.833238;0.2889396 -0.9100955 2.751001;6
0.235146 0.01373718 2.934967;0.2536873 0.05052742 2.98466;0.2294105 0.2783827 2.987833;0.1849185 0.5034122 2.994801;0.05921664 0.330083 3.098121;0.01098939 0.1880095 3.294252;-0.03474113 0.07811946 3.502793;-0.06304262 0.03981676 3.556766;0.3681184 0.3491453 2.969167;0.4897684 0.2992524 2.775882;0.5182929 0.3058676 2.508172;0.4978968 0.3324293 2.446414;0.1789397 -0.04711264 2.929095;0.1855002 0.09930796 2.530911;0.415843 0.08823647 2.281601;0.44091 0.1312101 2.186656;0.289267 -0.05657223 2.906794;0.3238095 -0.4982376 2.846415;0.3002445 -0.8875386 2.833473;0.2837713 -0.9105884 2.751961;6
0.2269179 0.006944243 2.932485;0.2474251 0.04130851 2.981579;0.2301472 0.2616053 2.983649;0.1898887 0.4932823 2.997902;0.06408814 0.3284507 3.0881;0.02411077 0.1882776 3.282466;-0.01140192 0.0692147 3.4839;-0.03794918 0.03877929 3.541886;0.3656319 0.3462393 2.965406;0.4727703 0.3015467 2.753181;0.512464 0.3055395 2.55114;0.4674215 0.3451794 2.431272;0.1697209 -0.05228895 2.923752;0.1974895 0.06968146 2.535962;0.4621458 0.04566883 2.301981;0.4769079 0.07795429 2.211347;0.2800528 -0.06427855 2.904017;0.3208593 -0.4998818 2.850736;0.2923946 -0.888046 2.834526;0.2745246 -0.9120883 2.753645;6
0.22533 0.01096582 2.930908;0.2467551 0.06759156 2.985285;0.2268386 0.3901812 3.016414;0.1919412 0.5538282 2.995816;0.06701237 0.3292718 3.072759;0.02939156 0.1838269 3.25151;-0.02545718 0.07028133 3.385898;-0.04048949 0.02085075 3.459479;0.3644019 0.3431733 2.964271;0.4791717 0.2907399 2.786076;0.5128649 0.3080394 2.593329;0.4389082 0.3541216 2.476152;0.1645591 -0.0541299 2.919939;0.3921185 -0.07121433 2.453217;0.6002087 -0.3124965 2.287349;0.6405576 -0.2871679 2.204943;0.2995262 -0.03543255 2.911266;0.3123324 -0.5092897 2.862422;0.2849524 -0.8884537 2.835471;0.2678522 -0.9132279 2.754877;6
0.2127061 0.04948562 2.924581;0.2326866 0.09977175 2.983066;0.2247052 0.4073874 3.019542;0.1938268 0.5832511 2.99424;0.06794047 0.3308937 3.059139;0.0155884 0.1790756 3.218955;-0.06486171 0.03440809 3.368167;-0.1020936 -0.02614748 3.432466;0.3642972 0.3402103 2.965157;0.4913926 0.2852356 2.820208;0.4789385 0.3221368 2.579076;0.4419471 0.3565874 2.516027;0.1354447 -0.01683944 2.902737;0.4077718 -0.1392248 2.471343;0.5828851 -0.3926771 2.338135;0.566697 -0.4171887 2.260392;0.3012767 -0.01248138 2.911064;0.3062831 -0.5165401 2.870069;0.2777269 -0.8892124 2.836647;0.3106742 -0.945702 2.819919;6
0.2092898 0.06814579 2.922013;0.2267462 0.1133071 2.982283;0.2204068 0.4388098 3.02506;0.1944612 0.599361 2.99312;0.06695922 0.3329183 3.048168;-0.0150135 0.1735268 3.185166;-0.1306257 0.01127741 3.308878;-0.1819279 -0.05307106 3.357326;0.3651014 0.3375221 2.9679;0.5022267 0.281242 2.84249;0.4772415 0.3293561 2.587722;0.4592065 0.3567495 2.547492;0.12627 -0.0008618007 2.894755;0.3920158 -0.216843 2.490466;0.4743896 -0.5939747 2.4409;0.5245947 -0.616824 2.359762;0.3039155 -0.0007767593 2.911592;0.302308 -0.52112 2.875348;0.2718605 -0.8896973 2.837423;0.3297225 -0.9610465 2.851932;6
0.2081511 0.07710914 2.920641;0.2235206 0.1203746 2.981782;0.2185949 0.4520988 3.027108;0.1953533 0.6088663 2.992099;0.06487756 0.3347836 3.039727;-0.05358991 0.1666492 3.149181;-0.2091078 -0.004369285 3.230079;-0.2689747 -0.07098348 3.264419;0.3668278 0.3351728 2.972034;0.5103048 0.2788439 2.856246;0.5000823 0.3358689 2.599036;0.480284 0.3567954 2.567678;0.1224125 0.006627023 2.890592;0.3629021 -0.289264 2.522881;0.3879926 -0.7357454 2.497912;0.4236565 -0.7675834 2.422772;0.3054677 0.005596182 2.911834;0.2903309 -0.5251502 2.876378;0.2688973 -0.8904657 2.837735;0.3358198 -0.9662899 2.862938;6
0.2079695 0.08238684 2.919513;0.2213099 0.1247261 2.981321;0.2165454 0.4598679 3.026965;0.1959473 0.6151714 2.991452;0.06118124 0.3369691 3.03065;-0.09382112 0.1662929 3.113288;-0.2773191 0.007860634 3.136615;-0.3552147 -0.05481809 3.148268;0.3683731 0.3335474 2.975693;0.515064 0.2775058 2.864116;0.5430651 0.3174988 2.646135;0.5136899 0.3545786 2.575722;0.1219761 0.01119137 2.887064;0.3256808 -0.3937488 2.553578;0.2945486 -0.786245 2.584386;0.2945189 -0.8560135 2.517983;0.3063158 0.009414084 2.911882;0.2833594 -0.5273641 2.875801;0.2668809 -0.8915395 2.837459;0.3382656 -0.9688084 2.866425;6
0.2106273 0.08341518 2.91746;0.220078 0.1271704 2.980225;0.2134682 0.460524 3.021992;0.1963539 0.6197482 2.991063;0.05622349 0.3374422 3.021448;-0.1344996 0.1667438 3.06845;-0.3117655 0.04191169 3.037458;-0.3868499 -0.01130545 3.047316;0.3694839 0.3326477 2.978604;0.5184639 0.2765032 2.869632;0.5714346 0.3045123 2.677191;0.5355548 0.3531194 2.578694;0.1306761 0.008042088 2.882023;0.2594582 -0.469924 2.593534;0.17847 -0.8501667 2.673144;0.1755426 -0.9229757 2.61457;0.3070891 0.01126791 2.911424;0.3266824 -0.5329462 2.880402;0.2658665 -0.8928086 2.82363;0.332044 -0.9632777 2.854636;6
0.2151074 0.07963548 2.91407;0.2197565 0.1265029 2.977466;0.2091535 0.4566861 3.013916;0.1966009 0.6230254 2.990764;0.04972223 0.3354832 3.010859;-0.1631723 0.1682093 3.032625;-0.3439656 0.07236148 2.937987;-0.4043979 0.03544597 2.918372;0.3698831 0.3327043 2.981179;0.5203498 0.275868 2.873433;0.5812206 0.3005456 2.689028;0.5476002 0.3534426 2.578108;0.1399668 0.002089519 2.877683;0.1994579 -0.5038672 2.642305;0.1013283 -0.8878285 2.72189;0.08753841 -0.9530005 2.686976;0.3077216 0.008765158 2.90907;0.3435139 -0.5351797 2.874609;0.2668477 -0.89416 2.822276;0.3296493 -0.9619718 2.846693;6
0.2185719 0.06945829 2.907533;0.2191156 0.1198487 2.970734;0.2040936 0.4511686 3.005908;0.1958691 0.624932 2.990712;0.04273902 0.3321393 3.001532;-0.1842783 0.1769635 2.98824;-0.3450648 0.1163041 2.844622;-0.4244721 0.08626968 2.805947;0.369436 0.3330255 2.982365;0.5214934 0.2759295 2.875753;0.5873398 0.2982125 2.696518;0.5547736 0.3539315 2.575808;0.1468342 -0.007344918 2.872464;0.1451205 -0.52832 2.686196;0.06171253 -0.8962836 2.776458;0.04220392 -0.9620581 2.746047;0.3054765 -0.001341848 2.901325;0.3495755 -0.5360974 2.871278;0.2704483 -0.8954349 2.823953;0.3286329 -0.9607409 2.841455;6
0.2165248 0.05721086 2.899017;0.2149707 0.1100892 2.96139;0.1960032 0.4463999 2.998777;0.1876059 0.6242113 2.990732;0.0361914 0.3286074 2.995061;-0.188417 0.1957538 2.947281;-0.3327847 0.1630039 2.762869;-0.3988497 0.1570049 2.694844;0.3661778 0.3342761 2.980769;0.5213393 0.2776974 2.875681;0.5895964 0.2976219 2.698067;0.5584466 0.3550943 2.568858;0.1487831 -0.01642159 2.868075;0.1044803 -0.5329054 2.727901;0.05870508 -0.8912988 2.821326;0.03294641 -0.9649941 2.790732;0.2936043 -0.01665833 2.884525;0.3499409 -0.5366986 2.865444;0.2753463 -0.8962499 2.827147;0.3278731 -0.9599658 2.837739;6
0.2081208 0.04677582 2.890401;0.2078892 0.1016274 2.952689;0.1885317 0.4430543 2.994448;0.1626057 0.622568 2.991487;0.02761954 0.3255157 2.992314;-0.1743884 0.2155864 2.930199;-0.2685322 0.2055967 2.755262;-0.3468453 0.2264777 2.610991;0.3551883 0.337501 2.970379;0.5166475 0.2851815 2.868663;0.5887525 0.2994998 2.691374;0.5608923 0.3580102 2.554029;0.1434781 -0.02591975 2.864269;0.06321654 -0.5387468 2.767776;0.05947489 -0.8863754 2.842223;0.03492783 -0.9583651 2.797839;0.2759232 -0.02689884 2.866671;0.3323207 -0.5350351 2.840309;0.2802923 -0.896771 2.830803;0.3274252 -0.9594199 2.834912;6
0.1924904 0.03973492 2.881291;0.1981451 0.09564608 2.944012;0.1805938 0.4404672 2.99105;0.1349824 0.6212409 2.994071;0.008997178 0.3196805 3.000785;-0.1743513 0.2237305 2.916345;-0.2357847 0.2545664 2.724536;-0.2647921 0.2917106 2.59128;0.3335174 0.3450801 2.952215;0.5184388 0.2964368 2.844716;0.5871108 0.3108645 2.660321;0.5688903 0.3592931 2.539489;0.1297253 -0.03402079 2.861197;0.02961774 -0.5389943 2.805835;0.06009094 -0.8789352 2.855983;0.03666587 -0.953768 2.805573;0.2527697 -0.03006724 2.849065;0.3108971 -0.5149243 2.794593;0.2855581 -0.8961332 2.833291;0.3279089 -0.9574345 2.829292;0
0.1703067 0.03827197 2.873826;0.1831797 0.09328724 2.936316;0.1656192 0.4394263 2.989222;0.1170382 0.6204223 2.997135;-0.006214655 0.3159533 3.010331;-0.1670329 0.2477414 2.892807;-0.194216 0.3162596 2.675717;-0.2031108 0.3620316 2.5662;0.3123458 0.3513819 2.936978;0.5227163 0.311405 2.814062;0.5933359 0.3202929 2.628183;0.5845722 0.3564115 2.523547;0.1061887 -0.03850225 2.861065;0.02096408 -0.5355992 2.818587;0.06742564 -0.8703557 2.863955;0.03877324 -0.9474785 2.820367;0.2286337 -0.02580169 2.834419;0.2912939 -0.4865822 2.727563;0.2950855 -0.8900878 2.831078;0.3325144 -0.9501634 2.818871;0
0.1517738 0.03906481 2.869599;0.169379 0.0930644 2.931396;0.1522433 0.4404639 2.989499;0.105154 0.6205419 3.000084;-0.01548233 0.3138506 3.016155;-0.1630767 0.2622131 2.87871;-0.1459416 0.3764453 2.649552;-0.1295013 0.4333926 2.566472;0.2897765 0.3552772 2.925854;0.522119 0.3183528 2.803066;0.5960989 0.3228197 2.618998;0.6004429 0.3501575 2.516402;0.08791643 -0.04025203 2.862594;0.01475946 -0.5311429 2.828348;0.08137698 -0.8649683 2.85529;0.05457309 -0.942599 2.811664;0.2081752 -0.01945535 2.824661;0.2744273 -0.4458493 2.651512;0.3230943 -0.8524426 2.780644;0.3518765 -0.9206512 2.754779;3
0.1330943 0.04464619 2.868366;0.1524972 0.09681234 2.92945;0.1337659 0.4424247 2.9935;0.09585147 0.6206799 3.002252;-0.0394977 0.3236932 3.032534;-0.1602721 0.2783966 2.866626;-0.09249268 0.4417449 2.634068;-0.06728876 0.4849684 2.588918;0.2765478 0.3575537 2.921091;0.5179976 0.3254771 2.797948;0.6029155 0.323836 2.619709;0.6316168 0.3263202 2.534934;0.0704753 -0.03798771 2.864125;0.01317357 -0.5257093 2.836092;0.08922632 -0.8634933 2.848628;0.06281423 -0.9407968 2.805995;0.192204 -0.01095821 2.820672;0.2547097 -0.3743376 2.578859;0.3315015 -0.778561 2.722005;0.3420246 -0.845795 2.685485;3
0.1190233 0.0519501 2.868018;0.1391584 0.1018419 2.928792;0.1217129 0.4436481 2.996762;0.08754229 0.620234 3.003157;-0.04996487 0.3277947 3.03909;-0.1604445 0.2892158 2.85967;-0.06581316 0.4737195 2.65502;-0.02769523 0.5101357 2.634971;0.2626021 0.3593998 2.92094;0.5093395 0.3316942 2.799597;0.6059303 0.3212244 2.628584;0.6505507 0.3086208 2.552604;0.05777724 -0.03410852 2.864565;0.02200274 -0.5201229 2.838187;0.09378548 -0.8642534 2.84317;0.0675674 -0.9405875 2.801896;0.1778673 0.002128965 2.819329;0.2394325 -0.2789737 2.516025;0.3222038 -0.6607243 2.654393;0.3165314 -0.7354208 2.611017;3
0.1076164 0.06209669 2.868379;0.1268051 0.1098774 2.929103;0.1093728 0.4458187 2.999882;0.08153056 0.6200482 3.003658;-0.05651773 0.3303397 3.042468;-0.1606636 0.3147362 2.852312;-0.06458626 0.4756321 2.707523;0.0109272 0.5432413 2.667503;0.2518868 0.3612929 2.923458;0.4987903 0.3358253 2.806773;0.6067517 0.3163962 2.644859;0.6637537 0.2926193 2.573349;0.04783826 -0.02850868 2.864577;0.03149407 -0.5159456 2.837075;0.09627634 -0.865579 2.838623;0.07055029 -0.9410294 2.798626;0.1677449 0.01742189 2.819782;0.2292629 -0.1755504 2.456911;0.2929373 -0.5284719 2.580153;0.2833261 -0.6071414 2.53293;3
0.09954426 0.07260694 2.870054;0.1178783 0.1176496 2.930519;0.1018112 0.4471027 3.001954;0.07627607 0.6195538 3.003243;-0.06116036 0.3329136 3.044524;-0.161066 0.3258324 2.849148;-0.05906273 0.4860597 2.734129;0.01368764 0.5449172 2.702599;0.2451446 0.3630663 2.926503;0.4897391 0.3378263 2.817395;0.6076466 0.3100911 2.66545;0.6717303 0.2796314 2.591972;0.03950482 -0.0208153 2.865055;0.03854219 -0.5091809 2.832703;0.09776755 -0.8662772 2.834941;0.07223728 -0.9418828 2.796093;0.1617869 0.03009639 2.821847;0.2194976 -0.08025128 2.420691;0.2597984 -0.387244 2.517321;0.2368597 -0.4523225 2.467232;3
0.08979767 0.08426593 2.872525;0.1082684 0.1264339 2.932278;0.09672391 0.4479897 3.002889;0.07040164 0.6183253 2.998878;-0.0645792 0.3354052 3.045615;-0.1629737 0.3326056 2.848583;-0.05220671 0.4950594 2.750257;0.00642004 0.5382261 2.726165;0.2390157 0.3655759 2.930155;0.4780717 0.3381249 2.83143;0.6062326 0.3030353 2.689304;0.6788415 0.267363 2.609184;0.02291917 -0.005692551 2.867206;0.0420963 -0.4918952 2.820403;0.09615401 -0.8658539 2.830307;0.07309023 -0.9427726 2.794176;0.1538983 0.04218949 2.825477;0.2138633 0.01672983 2.404684;0.2399662 -0.2900515 2.464682;0.2035722 -0.3145674 2.400064;3
0.07579066 0.09696579 2.873489;0.09642714 0.1354928 2.932437;0.09255313 0.4482923 3.002545;0.06226293 0.6150057 2.986815;-0.06723212 0.3378362 3.04652;-0.1729951 0.3303018 2.859115;-0.06411263 0.4774238 2.769957;-0.002831919 0.5285469 2.740494;0.2348878 0.3675261 2.932452;0.4723774 0.3380316 2.838658;0.6209025 0.2886421 2.712569;0.7021493 0.2424179 2.637647;-0.0009029433 0.01250086 2.869648;0.03864954 -0.4395054 2.798783;0.08953248 -0.8622614 2.823651;0.07307215 -0.943282 2.79164;0.1417717 0.05182371 2.825646;0.2046385 0.1076176 2.398779;0.2624179 -0.2060403 2.39095;0.1948032 -0.1495772 2.336197;3
0.06722757 0.1033862 2.873651;0.08853267 0.1404919 2.932095;0.08874328 0.4475438 3.000916;0.04504399 0.6035051 2.948857;-0.06911836 0.3397312 3.047219;-0.1840045 0.3158472 2.874897;-0.05494013 0.4747752 2.779288;-0.0004291981 0.5276308 2.748931;0.2320646 0.3688419 2.933661;0.4690775 0.3377772 2.843327;0.6507067 0.2726154 2.726735;0.7159703 0.2274437 2.654926;-0.01179234 0.02006435 2.870683;0.03527062 -0.4095011 2.784636;0.08078723 -0.8579145 2.813427;0.05519447 -0.9052442 2.751352;0.132527 0.05634606 2.824577;0.1647123 0.02664114 2.409011;0.2312209 -0.2566925 2.367724;0.1835926 -0.2048848 2.3431;3
0.03328957 0.1080204 2.892976;0.06611106 0.1449755 2.942194;0.08593504 0.4453894 2.997658;0.03830045 0.5977674 2.930526;-0.07054242 0.3416531 3.04824;-0.1881647 0.3080627 2.883356;-0.0496421 0.4723343 2.783226;0.002416044 0.5240697 2.751987;0.2301757 0.3698058 2.934351;0.4666083 0.3355509 2.847881;0.6509864 0.2591442 2.764641;0.7381796 0.1995946 2.687532;-0.05322856 0.03495866 2.905831;0.03448991 -0.3974971 2.778492;0.07405899 -0.8549207 2.802907;0.04161211 -0.8803434 2.719466;0.09448425 0.03982955 2.8359;0.1619731 0.1910642 2.439383;0.230899 -0.1176298 2.376347;0.1820023 -0.03699554 2.32611;3
0.02422633 0.1102976 2.897014;0.05823224 0.1469206 2.945017;0.08557672 0.4390869 2.989393;0.03578938 0.5937845 2.919321;-0.07154357 0.3428047 3.049073;-0.1908153 0.2962228 2.88908;-0.06346475 0.4313024 2.762249;-0.01760735 0.4806408 2.729443;0.2298835 0.3712304 2.934875;0.4656829 0.3259698 2.856237;0.6788585 0.2148319 2.784408;0.7533098 0.1662464 2.727562;-0.06438513 0.03875973 2.913367;0.03504588 -0.388306 2.774056;0.06972606 -0.8487313 2.794117;0.03636709 -0.8659176 2.705209;0.08349396 0.03575608 2.837841;0.1583817 0.2306183 2.45627;0.2339009 -0.07975394 2.401223;0.1887515 -0.01488886 2.342856;3
0.01848438 0.111639 2.899717;0.05328275 0.1480751 2.946884;0.08924154 0.4271177 2.977051;0.03521226 0.5902312 2.911699;-0.07217878 0.3433642 3.049722;-0.1897646 0.2606627 2.894544;-0.1136609 0.3456527 2.73425;-0.08068448 0.3926959 2.6963;0.2574818 0.3798674 2.93515;0.4717615 0.2923284 2.881013;0.6799359 0.1797107 2.824792;0.754077 0.1325148 2.785217;-0.07190239 0.03963646 2.919055;0.03555354 -0.3824035 2.771198;0.06766628 -0.8451038 2.789046;0.03394921 -0.8588399 2.697668;0.0773331 0.03216906 2.839749;0.1614991 0.2507875 2.471185;0.2412826 -0.06317116 2.423649;0.1996828 -0.00254179 2.357859;3
0.0308733 0.1113601 2.887118;0.05617252 0.1475242 2.940969;0.08960214 0.4182657 2.965776;0.03425783 0.58711 2.905792;-0.07187773 0.3433703 3.05089;-0.1858965 0.2482051 2.899808;-0.1563248 0.2568341 2.704401;-0.1434337 0.2794012 2.695893;0.2639594 0.3825407 2.934649;0.4650203 0.2634154 2.910523;0.6697577 0.1448763 2.879966;0.7413958 0.09833279 2.846304;-0.03944881 0.0329539 2.883734;0.03665112 -0.3791618 2.76987;0.06697793 -0.8419887 2.78555;0.03313618 -0.8538651 2.693351;0.08442872 0.03419097 2.837317;0.1681649 0.262659 2.479407;0.2491946 -0.0541319 2.435771;0.2109272 0.001034699 2.373748;3
0.03674485 0.1077 2.878092;0.06068248 0.1450518 2.93207;0.08241291 0.410463 2.945359;0.03400984 0.5841124 2.901705;-0.07006403 0.3410755 3.055638;-0.182233 0.2382622 2.905277;-0.1886877 0.1604729 2.700297;-0.1939479 0.1479723 2.666298;0.2666172 0.3851829 2.930426;0.4592695 0.237304 2.940259;0.6540712 0.1044595 2.925804;0.7236097 0.04802388 2.911999;-0.04158423 0.002032533 2.892501;0.03836325 -0.3791103 2.770307;0.06777745 -0.8394707 2.782629;0.03349211 -0.8517174 2.692563;0.09807207 0.02399824 2.801177;0.1787072 0.2685311 2.476406;0.2558246 -0.0481516 2.438077;0.2150612 -0.01273152 2.385992;3
0.04008617 0.105499 2.872103;0.06561702 0.1456145 2.922901;0.07297693 0.4305716 2.912926;0.03366699 0.5877929 2.897146;-0.06649591 0.3376091 3.061841;-0.1792916 0.2283859 2.912555;-0.01207504 0.1837244 2.902144;-0.03314909 0.139455 2.933064;0.2638998 0.4063852 2.908384;0.429547 0.235293 2.961721;0.6238092 0.07867068 2.982985;0.6927453 0.01034454 2.985592;-0.04095125 -0.01493905 2.898968;0.03176075 -0.4245911 2.774478;0.07579172 -0.8543109 2.78063;0.03594522 -0.8666347 2.697749;0.1054695 0.02114454 2.777777;0.1901695 0.2669251 2.467106;0.2632407 -0.04890538 2.435626;0.2159149 -0.02976159 2.39374;3
0.03864744 0.08764953 2.865766;0.06379726 0.1332458 2.917921;0.07920612 0.4224575 2.925096;0.04430096 0.5767788 2.905298;-0.06225765 0.321577 3.072412;-0.1701854 0.1973783 2.930649;-0.09333746 0.03951992 3.018739;-0.09780493 -0.0102215 3.064434;0.2745551 0.360503 2.941705;0.4355747 0.197344 3.001937;0.6043414 0.03841953 3.030509;0.6546352 -0.04474663 3.044124;-0.04538097 -0.02882829 2.898625;0.02931945 -0.4405397 2.775903;0.0792894 -0.8596315 2.779006;0.05278244 -0.8894967 2.700817;0.1054247 0.009990938 2.77118;0.1988396 0.2308973 2.454876;0.2687787 -0.0866821 2.429776;0.2135776 -0.07413247 2.396733;3
0.0373629 0.07313301 2.864893;0.06271108 0.1124998 2.919103;0.09591724 0.3956089 2.953124;0.05331746 0.5646721 2.912488;-0.05753524 0.3049063 3.082148;-0.09665869 0.1200607 3.09006;-0.1125538 -0.01787679 3.003725;-0.1422568 -0.02929379 2.881683;0.2761205 0.3306911 2.961775;0.4401867 0.1653759 3.031043;0.5834867 0.00844131 3.066112;0.6266204 -0.07447213 3.068358;-0.04638043 -0.0342194 2.897644;0.04303526 -0.4523613 2.781745;0.08268874 -0.8635504 2.778021;0.06101514 -0.8990816 2.702578;0.09232838 -0.01516034 2.796268;0.1967437 0.1410389 2.450685;0.264361 -0.1777874 2.430016;0.2138469 -0.1562029 2.388716;3
0.03785288 0.05878246 2.861115;0.0646202 0.09611228 2.916806;0.1050176 0.3813309 2.969325;0.05981876 0.5559037 2.919893;-0.05240721 0.2938009 3.089222;-0.06788713 0.08115205 3.14843;-0.105762 -0.02828815 3.002912;-0.1334012 -0.0641335 2.90841;0.2555541 0.2931438 2.966633;0.4378079 0.1496483 3.04291;0.5755079 -0.02423119 3.089577;0.6037089 -0.1209475 3.104801;-0.03856762 -0.04077747 2.876626;0.04066296 -0.4906248 2.783945;0.09362635 -0.8792799 2.782353;0.07714889 -0.949147 2.762345;0.08905917 -0.02192581 2.799285;0.1992974 0.1255674 2.448779;0.2660755 -0.193653 2.429769;0.2206217 -0.1683109 2.381354;3
0.06514604 0.03409778 2.855319;0.08769087 0.07458231 2.913466;0.1095069 0.3748014 2.976808;0.0648002 0.5491234 2.931671;-0.04785774 0.28575 3.094287;-0.04523558 0.05868889 3.180516;-0.09044161 -0.05985079 3.015209;-0.124906 -0.09681617 2.938077;0.2471839 0.2786197 2.968295;0.4355529 0.1396644 3.048887;0.5706894 -0.03638893 3.088722;0.5931088 -0.1305339 3.097558;0.00211283 -0.0523681 2.857922;0.03063068 -0.5347174 2.792015;0.09705109 -0.8826011 2.784021;0.08272948 -0.9754691 2.799098;0.1039803 -0.02622223 2.802706;0.1801502 -0.06999685 2.418914;0.2518042 -0.3608885 2.40448;0.2058462 -0.3128577 2.390718;3
0.07651506 0.02392619 2.852944;0.0983395 0.06516337 2.911884;0.1129118 0.3710742 2.981743;0.06906611 0.546899 2.945792;-0.0420877 0.280664 3.097422;-0.03784931 0.04688755 3.182176;-0.08271843 -0.07626859 3.011749;-0.1221711 -0.1054673 2.935583;0.2423195 0.2709421 2.968876;0.4306117 0.130249 3.043152;0.554544 -0.07945887 3.059591;0.5680349 -0.163409 3.055129;0.02150171 -0.05728158 2.849648;0.02778168 -0.5510665 2.794994;0.09936252 -0.8840342 2.786506;0.08455833 -0.9804263 2.8071;0.113467 -0.02771317 2.804579;0.1692417 -0.211344 2.391604;0.2360784 -0.5296396 2.371466;0.1954803 -0.4791757 2.331627;3
0.0826099 0.01845992 2.851606;0.1051772 0.05936406 2.910594;0.1193345 0.3515515 2.980537;0.07166497 0.5456637 2.956052;-0.03554988 0.2783951 3.100972;-0.01996843 0.02573354 3.220089;-0.07609905 -0.08537542 3.003521;-0.1187626 -0.1308329 2.939798;0.2390584 0.2676463 2.968206;0.4254619 0.1204161 3.022412;0.5455934 -0.1071513 3.009336;0.5548987 -0.1788521 3.00879;0.03077528 -0.05971237 2.845438;0.02720311 -0.5617291 2.797191;0.1014225 -0.8862149 2.790175;0.08380594 -0.9788528 2.808795;0.1199989 -0.02788255 2.805649;0.1663208 -0.3285623 2.391386;0.1731826 -0.6510044 2.139711;0.1610124 -0.6051463 2.054621;3
0.08719547 0.01459542 2.850951;0.1105906 0.05486617 2.909918;0.1228012 0.3415262 2.979703;0.07430893 0.5457381 2.964766;-0.02460612 0.2784289 3.100801;-0.0169562 0.02565141 3.207764;-0.08026977 -0.1189218 2.980894;-0.1185982 -0.1579586 2.940387;0.2384972 0.2683405 2.966097;0.4247645 0.1095881 2.984797;0.5355946 -0.1280039 2.933458;0.5452393 -0.1933846 2.929845;0.03716309 -0.06128871 2.842612;0.0335061 -0.5748229 2.802277;0.1040997 -0.8894968 2.797453;0.08483918 -0.9774022 2.810014;0.1255242 -0.0290302 2.807828;0.1726974 -0.376055 2.430846;0.2024051 -0.7019066 2.206514;0.182565 -0.7062472 2.107191;3
0.09071468 0.01191896 2.850518;0.1149447 0.05163074 2.909266;0.1250882 0.3354531 2.978942;0.077368 0.5468593 2.97295;-0.008966604 0.2863464 3.101393;-0.01401047 0.03423119 3.193027;-0.08114354 -0.1291199 2.973227;-0.1182653 -0.1699526 2.940654;0.2401866 0.2722494 2.962366;0.4267892 0.1032623 2.935618;0.5237841 -0.1306099 2.847515;0.5360593 -0.1911814 2.836993;0.04179755 -0.06205925 2.840726;0.03793933 -0.582642 2.805818;0.1063214 -0.8921965 2.804489;0.08372408 -0.9710166 2.805999;0.1296595 -0.02992967 2.809408;0.1889294 -0.4213152 2.465755;0.2351459 -0.7506953 2.31708;0.2270804 -0.7777932 2.222359;3
0.09358338 0.009669265 2.850005;0.1191166 0.04825867 2.908098;0.1287934 0.3273357 2.975099;0.08176745 0.5455509 2.980307;0.004238542 0.2921647 3.096994;-0.0103966 0.04356899 3.173975;-0.07929081 -0.1230437 2.970068;-0.1179311 -0.1684081 2.94357;0.2445323 0.2787768 2.955916;0.4314696 0.1037834 2.894897;0.5103503 -0.1235919 2.767743;0.5185821 -0.1827009 2.746746;0.0452553 -0.06261919 2.839277;0.04131849 -0.585363 2.808735;0.106681 -0.8921799 2.810342;0.08205784 -0.9636615 2.801075;0.1328789 -0.03114612 2.810386;0.2047693 -0.4427176 2.507733;0.2736728 -0.8009487 2.420332;0.2720824 -0.850079 2.335139;3
0.09855722 0.008831496 2.849237;0.1260008 0.04604645 2.905881;0.1367933 0.3201861 2.967349;0.09328042 0.5439431 2.985995;0.01547031 0.2961449 3.091089;-0.002760264 0.05311209 3.153043;-0.07265387 -0.07768204 2.969836;-0.1173415 -0.09672301 2.934786;0.2620837 0.2965726 2.937824;0.440988 0.1175899 2.833728;0.4786118 -0.09071102 2.66055;0.47984 -0.151908 2.623224;0.05059121 -0.06146326 2.838742;0.04520101 -0.5836819 2.812335;0.1065241 -0.8917499 2.814755;0.08037749 -0.9602343 2.799325;0.137197 -0.03201394 2.81065;0.2418825 -0.5056785 2.589329;0.3361543 -0.8489197 2.624663;0.3468284 -0.9204286 2.558432;3
0.1063369 0.009632637 2.848225;0.1356432 0.04558326 2.903133;0.1458572 0.317061 2.960635;0.1064638 0.5441263 2.989191;0.0257373 0.3002262 3.085332;0.00441237 0.0607455 3.138771;-0.06644096 -0.0333346 2.964875;-0.1163643 -0.05237951 2.926661;0.2762577 0.3093436 2.924889;0.4475472 0.1293063 2.799505;0.4554351 -0.03836896 2.601727;0.4505112 -0.1055116 2.558099;0.05730459 -0.05906895 2.839256;0.04946768 -0.578754 2.815776;0.1061538 -0.890773 2.818128;0.07840756 -0.9566959 2.796248;0.1449225 -0.03249569 2.809494;0.2699084 -0.4931134 2.647018;0.3697464 -0.8648598 2.743392;0.3865954 -0.9463043 2.696577;3
0.128051 0.01610422 2.844678;0.1591243 0.05292001 2.897932;0.1726598 0.3415181 2.954497;0.1261391 0.566128 2.989114;0.04718358 0.3224577 3.078457;0.02224988 0.08693942 3.126126;-0.06245056 -0.006364942 2.961938;-0.1129963 -0.006470636 2.916374;0.2865145 0.3175891 2.915914;0.4485957 0.1632095 2.780062;0.444077 -0.005026015 2.583795;0.431127 -0.06685726 2.524052;0.07557639 -0.05043922 2.839913;0.05548946 -0.570282 2.818701;0.1056198 -0.8899454 2.820794;0.07707869 -0.9545966 2.794402;0.1732421 -0.0280149 2.80322;0.3073574 -0.5106155 2.710403;0.4017167 -0.8619483 2.812411;0.4158963 -0.9364746 2.762744;3
0.1462265 0.02170571 2.842618;0.1781004 0.06004746 2.895012;0.1882421 0.3576211 2.952199;0.1386538 0.5802104 2.987444;0.06080629 0.337131 3.074709;0.03374197 0.1033674 3.11986;-0.05725337 0.02892566 2.951335;-0.1054746 0.03657173 2.898871;0.2957581 0.3244646 2.908071;0.4487455 0.1820938 2.772295;0.4337335 0.01676239 2.568628;0.4164986 -0.04514972 2.508123;0.0925438 -0.0429432 2.841378;0.06474147 -0.5530679 2.817837;0.1046143 -0.8880824 2.822918;0.07657932 -0.9516209 2.795813;0.192014 -0.0247482 2.799795;0.3288155 -0.5022529 2.741787;0.4097407 -0.8553772 2.840491;0.422337 -0.921211 2.806535;3
0.2288567 0.01237905 2.847808;0.2512055 0.06235321 2.899487;0.2330334 0.384383 2.945209;0.1961998 0.6086478 2.966175;0.1246481 0.3195415 2.999514;0.08085662 0.09160741 3.009683;-0.04372634 0.04671398 2.874878;-0.06490842 0.06035676 2.846848;0.3661042 0.331098 2.863712;0.4858019 0.1823764 2.753687;0.4259582 0.02504146 2.543718;0.3923789 -0.01753054 2.494783;0.1744805 -0.05690902 2.863336;0.09449888 -0.5222561 2.803988;0.1015787 -0.8845222 2.826539;0.07488649 -0.9473475 2.797445;0.2853981 -0.04369457 2.799632;0.3991973 -0.5395346 2.858383;0.4262906 -0.881037 2.90121;0.4274543 -0.9245071 2.835599;3
0.268866 0.002789941 2.868903;0.2933455 0.06152298 2.918479;0.2877954 0.4305602 2.943426;0.2390246 0.6114159 2.936414;0.1344772 0.3008696 3.002618;0.1201747 0.09262697 3.014231;0.07966553 0.01939357 2.835456;0.05071608 0.002431203 2.741271;0.4089133 0.3137448 2.852639;0.5205232 0.1394912 2.753314;0.4759957 -0.08078751 2.608983;0.4539755 -0.1607157 2.562056;0.20667 -0.07008148 2.884965;0.1429053 -0.512385 2.7899;0.1107986 -0.8830383 2.826872;0.07820103 -0.9473565 2.793482;0.3306582 -0.06010885 2.827383;0.4134239 -0.5440226 2.880759;0.4152562 -0.8829455 2.892988;0.4208542 -0.9253318 2.823448;3
0.2909734 0.01596128 2.871516;0.3113403 0.07546807 2.923113;0.3064996 0.4238589 2.933364;0.2697999 0.6186742 2.923063;0.144473 0.3226994 2.994126;0.1181656 0.1239568 2.976197;0.225895 0.0445304 2.717767;0.2235789 0.03950201 2.682822;0.4397308 0.3145263 2.862704;0.5121255 0.05236499 2.827092;0.5522928 -0.178803 2.766868;0.5615413 -0.2554822 2.749096;0.2273015 -0.05557484 2.880241;0.1776804 -0.5184466 2.821214;0.1334843 -0.8824784 2.830879;0.1073314 -0.9405714 2.795855;0.3524323 -0.05152408 2.834366;0.4115903 -0.5362298 2.867812;0.4130073 -0.8815281 2.887104;0.4194564 -0.931493 2.814889;3
0.2954629 0.01974148 2.869241;0.3133897 0.0785179 2.922131;0.308473 0.4242402 2.931831;0.2784986 0.6204883 2.921819;0.147247 0.3288743 2.983198;0.09975897 0.1239943 2.935453;0.2397811 0.04150571 2.697975;0.2388177 0.04307229 2.680923;0.4491002 0.3156475 2.871437;0.5211818 0.05775461 2.852973;0.5728211 -0.1804282 2.801224;0.588656 -0.2592437 2.810304;0.2321612 -0.0511401 2.874602;0.1659188 -0.5175131 2.809253;0.1348549 -0.8817548 2.831426;0.1093393 -0.9402965 2.79668;0.3575344 -0.04819506 2.833921;0.4124288 -0.5353373 2.863561;0.4129111 -0.8811821 2.886037;0.4194544 -0.9335266 2.811952;3
0.2969081 0.0209641 2.868301;0.3138554 0.07958144 2.921591;0.3088055 0.4246916 2.93129;0.28199 0.6205869 2.920844;0.1477413 0.3297197 2.977511;0.09457162 0.1236145 2.926883;0.2373441 0.03835825 2.69545;0.2375415 0.04302531 2.683197;0.4520555 0.3161483 2.874681;0.5254377 0.06189917 2.865144;0.5824537 -0.1788171 2.816951;0.5968142 -0.2602682 2.828397;0.2335712 -0.0498748 2.872609;0.1567206 -0.513897 2.794561;0.1346957 -0.8811724 2.831431;0.1072415 -0.9405572 2.7962;0.3593528 -0.0470669 2.833744;0.4132572 -0.5344025 2.861437;0.4129061 -0.8810769 2.885641;0.4194669 -0.9342549 2.811541;3
0.2979344 0.02186153 2.867536;0.3140683 0.08041285 2.921063;0.3089117 0.4251764 2.93085;0.2846837 0.6206982 2.920075;0.1478729 0.3297507 2.972793;0.08605883 0.121626 2.917931;0.22605 0.03503696 2.694101;0.2334322 0.04156543 2.68524;0.4541317 0.3165799 2.877133;0.5280596 0.06493032 2.873717;0.5889094 -0.1760782 2.828503;0.6019734 -0.2609765 2.840599;0.2345084 -0.04900276 2.871096;0.146619 -0.5079637 2.776515;0.1303885 -0.8772647 2.82722;0.1040129 -0.939377 2.794329;0.3606814 -0.04623881 2.833603;0.4140995 -0.5330311 2.859443;0.4129216 -0.8809581 2.885292;0.4195059 -0.9344676 2.812001;3
0.2993383 0.02355894 2.865227;0.3127083 0.08210905 2.918966;0.3080259 0.4268464 2.929945;0.2890132 0.6208188 2.918527;0.1434337 0.3252655 2.956793;0.06149235 0.1187623 2.906976;0.14808 0.03483783 2.738089;0.1799815 0.006112489 2.676491;0.4579536 0.3179441 2.883557;0.5319461 0.07076052 2.889622;0.5977238 -0.1719444 2.847726;0.608284 -0.2584184 2.86307;0.2338388 -0.04763883 2.864105;0.1293451 -0.4982911 2.749917;0.09916656 -0.8688447 2.804067;0.06750391 -0.9369336 2.76329;0.3629771 -0.04484091 2.833274;0.4151379 -0.5298107 2.855827;0.4128763 -0.8807641 2.884335;0.4198573 -0.9349924 2.812322;0
0.2989025 0.02398411 2.863664;0.3107162 0.08252794 2.917467;0.3072255 0.4276485 2.929673;0.2897099 0.6208315 2.918258;0.1408602 0.3243541 2.950796;0.05948182 0.1193471 2.906502;0.1129359 0.02049817 2.754577;0.1551745 -0.01934582 2.667238;0.4577958 0.3186635 2.886878;0.5321144 0.07193731 2.892604;0.5968841 -0.1700093 2.848483;0.6008036 -0.2490753 2.855888;0.2310352 -0.04728622 2.858491;0.1250413 -0.4994653 2.748018;0.08747744 -0.8700954 2.799557;0.06234943 -0.9375581 2.761127;0.3633256 -0.04458156 2.833164;0.4149656 -0.5289571 2.854985;0.4126087 -0.8808293 2.88393;0.4200327 -0.9351363 2.812403;0
0.2973067 0.02456784 2.861077;0.3065878 0.0830944 2.914861;0.3048913 0.4288368 2.928914;0.2901812 0.6208408 2.918047;0.1372611 0.3243172 2.943826;0.05930339 0.1178283 2.905529;0.09430542 0.008039515 2.756672;0.1255754 -0.0508409 2.666007;0.4563891 0.3197695 2.892066;0.531351 0.07301921 2.895081;0.5946046 -0.167821 2.847165;0.5927294 -0.2418201 2.84545;0.226693 -0.04654926 2.851217;0.1191053 -0.505608 2.752165;0.07862137 -0.871345 2.798457;0.05831918 -0.9385174 2.760741;0.3633734 -0.044329 2.83296;0.4144727 -0.528254 2.854232;0.4121623 -0.8810819 2.883553;0.4202095 -0.9353244 2.812213;0
0.2931558 0.02542747 2.856829;0.2992617 0.08385111 2.91081;0.2999488 0.4306082 2.927528;0.2903575 0.6208197 2.917871;0.1326395 0.3246116 2.937332;0.0624981 0.108418 2.901218;0.07275701 -0.02316617 2.751886;0.09188017 -0.09383822 2.667959;0.4531788 0.320182 2.89799;0.5285462 0.07347915 2.897413;0.5884336 -0.1647042 2.841995;0.577616 -0.2324619 2.821843;0.220066 -0.04548371 2.842689;0.1127493 -0.5149894 2.76233;0.0726756 -0.8726189 2.798695;0.0555032 -0.9395061 2.761262;0.3620168 -0.04393115 2.832285;0.412375 -0.5273393 2.852793;0.4116462 -0.881314 2.883078;0.4203789 -0.9355229 2.81194;0
0.2862083 0.0258891 2.851712;0.2894124 0.0840411 2.906422;0.293362 0.4323016 2.92657;0.288939 0.620935 2.918122;0.1262893 0.3244725 2.93026;0.06321674 0.09739088 2.894748;0.05191397 -0.05601065 2.75142;0.05818626 -0.137096 2.680253;0.4475963 0.3187256 2.904088;0.5195041 0.0710509 2.900212;0.5683854 -0.1521883 2.828356;0.5588058 -0.224896 2.795084;0.2118838 -0.04477528 2.834375;0.1076755 -0.5240201 2.773372;0.06819253 -0.8753428 2.802602;0.05359185 -0.9404639 2.762076;0.3570673 -0.04378954 2.830822;0.4081062 -0.526104 2.850436;0.4108648 -0.8815805 2.882203;0.4205425 -0.9357298 2.811574;0
0.2769969 0.02711953 2.847113;0.2772987 0.08496194 2.902803;0.2813224 0.4354763 2.927284;0.2846917 0.6216173 2.919538;0.1176315 0.3254771 2.923057;0.06200776 0.08829953 2.888826;0.03005678 -0.09864592 2.754242;0.02929215 -0.1830304 2.696157;0.4418022 0.3176842 2.909498;0.5093983 0.06873871 2.902105;0.5456063 -0.1444132 2.807766;0.5431219 -0.2190972 2.768775;0.2024377 -0.04341304 2.827284;0.1047837 -0.5291591 2.780797;0.0658489 -0.8779989 2.806171;0.05238936 -0.9413366 2.763151;0.3493239 -0.0431621 2.829406;0.4013888 -0.5238076 2.846794;0.4098907 -0.8817536 2.881052;0.4206006 -0.9358065 2.811429;0
0.2672889 0.02860576 2.843684;0.2655636 0.08609352 2.900244;0.2701043 0.4376119 2.927608;0.2763217 0.6231452 2.921282;0.1102643 0.3265074 2.917492;0.05628468 0.08000674 2.882497;0.01020801 -0.122345 2.762217;-0.000434665 -0.2191802 2.731014;0.4356102 0.3173241 2.91464;0.4860926 0.0646866 2.89936;0.5285922 -0.1412354 2.794875;0.5249816 -0.2117178 2.744949;0.1937988 -0.04193562 2.822481;0.1025449 -0.5320829 2.785991;0.06485584 -0.8802205 2.809319;0.05161989 -0.9425213 2.764689;0.3395272 -0.04220715 2.828347;0.3900986 -0.5178968 2.839756;0.4087778 -0.880698 2.879242;0.4205896 -0.935745 2.811294;0